time,dir_x,dir_y,dir_z,omega_x,omega_y,omega_z,omega_dot_x,omega_dot_y,omega_dot_z,mu
0.000000,-0.575400,0.009329,0.817819,0.000000,0.000000,0.000000,0.000000,0.000000,0.000000,0.779404
0.010000,-0.575401,0.009331,0.817819,-0.000002,0.000001,-0.000004,-0.000533,-0.000115,-0.001289,0.779415
0.020000,-0.575401,0.009334,0.817818,-0.000023,-0.000009,-0.000045,-0.003985,-0.001762,-0.007429,0.779477
0.030000,-0.575401,0.009336,0.817818,-0.000092,-0.000042,-0.000170,-0.009893,-0.004630,-0.017842,0.779583
0.040000,-0.575402,0.009338,0.817818,-0.000231,-0.000108,-0.000418,-0.017830,-0.008449,-0.031997,0.779727
0.050000,-0.575402,0.009340,0.817817,-0.000457,-0.000216,-0.000823,-0.027409,-0.012986,-0.049407,0.779905
0.060000,-0.575408,0.009370,0.817813,-0.000785,-0.000372,-0.001418,-0.038280,-0.018042,-0.069621,0.780112
0.070000,-0.575414,0.009401,0.817808,-0.001228,-0.000581,-0.002226,-0.050124,-0.023446,-0.092231,0.780345
0.080000,-0.575420,0.009431,0.817804,-0.001792,-0.000844,-0.003271,-0.062655,-0.029051,-0.116860,0.780601
0.090000,-0.575426,0.009462,0.817799,-0.002484,-0.001163,-0.004571,-0.075614,-0.034734,-0.143169,0.780877
0.100000,-0.575432,0.009492,0.817795,-0.003307,-0.001539,-0.006141,-0.088769,-0.040389,-0.170844,0.781172
0.110000,-0.575454,0.009609,0.817778,-0.004261,-0.001971,-0.007994,-0.101915,-0.045926,-0.199606,0.781484
0.120000,-0.575475,0.009725,0.817761,-0.005346,-0.002457,-0.010138,-0.114868,-0.051271,-0.229199,0.781812
0.130000,-0.575497,0.009842,0.817745,-0.006559,-0.002996,-0.012581,-0.127464,-0.056360,-0.259393,0.782156
0.140000,-0.575518,0.009958,0.817728,-0.007895,-0.003584,-0.015328,-0.139561,-0.061140,-0.289981,0.782513
0.150000,-0.575540,0.010075,0.817712,-0.009349,-0.004218,-0.018383,-0.151033,-0.065567,-0.320778,0.782884
0.160000,-0.575580,0.010306,0.817681,-0.010914,-0.004895,-0.021745,-0.161772,-0.069604,-0.351617,0.783267
0.170000,-0.575614,0.010499,0.817654,-0.012582,-0.005609,-0.025416,-0.171683,-0.073221,-0.382351,0.783664
0.180000,-0.575651,0.010711,0.817625,-0.014345,-0.006358,-0.029393,-0.180687,-0.076395,-0.412849,0.784072
0.190000,-0.575700,0.011000,0.817587,-0.016194,-0.007136,-0.033673,-0.188715,-0.079105,-0.442993,0.784492
0.200000,-0.575771,0.011426,0.817531,-0.018117,-0.007939,-0.038252,-0.195712,-0.081337,-0.472683,0.784924
0.210000,-0.575820,0.011735,0.817492,-0.020105,-0.008761,-0.043125,-0.201630,-0.083080,-0.501829,0.785366
0.220000,-0.575888,0.012158,0.817438,-0.022146,-0.009599,-0.048287,-0.206433,-0.084328,-0.530352,0.785819
0.230000,-0.575969,0.012670,0.817373,-0.024230,-0.010447,-0.053731,-0.210093,-0.085079,-0.558184,0.786282
0.240000,-0.576058,0.013243,0.817302,-0.026345,-0.011299,-0.059449,-0.212588,-0.085333,-0.585267,0.786755
0.250000,-0.576148,0.013851,0.817228,-0.028479,-0.012152,-0.065434,-0.213904,-0.085092,-0.611550,0.787238
0.260000,-0.576241,0.014491,0.817151,-0.030619,-0.012999,-0.071678,-0.214033,-0.084361,-0.636993,0.787729
0.270000,-0.576340,0.015181,0.817069,-0.032756,-0.013837,-0.078171,-0.212973,-0.083149,-0.661559,0.788228
0.280000,-0.576444,0.015925,0.816981,-0.034875,-0.014661,-0.084906,-0.210726,-0.081464,-0.685221,0.788736
0.290000,-0.576553,0.016726,0.816888,-0.036966,-0.015465,-0.091873,-0.207300,-0.079320,-0.707955,0.789250
0.300000,-0.576665,0.017588,0.816791,-0.039018,-0.016246,-0.099062,-0.202705,-0.076728,-0.729744,0.789772
0.310000,-0.576782,0.018509,0.816688,-0.041017,-0.016999,-0.106465,-0.196955,-0.073703,-0.750576,0.790301
0.320000,-0.576904,0.019489,0.816580,-0.042953,-0.017719,-0.114071,-0.190070,-0.070263,-0.770441,0.790836
0.330000,-0.577028,0.020527,0.816466,-0.044815,-0.018403,-0.121871,-0.182069,-0.066423,-0.789335,0.791376
0.340000,-0.577155,0.021625,0.816348,-0.046591,-0.019046,-0.129855,-0.172975,-0.062202,-0.807256,0.791921
0.350000,-0.577282,0.022785,0.816227,-0.048271,-0.019645,-0.138013,-0.162813,-0.057621,-0.824207,0.792471
0.360000,-0.577410,0.024007,0.816101,-0.049844,-0.020197,-0.146336,-0.151611,-0.052699,-0.840191,0.793025
0.370000,-0.577541,0.025290,0.815970,-0.051300,-0.020698,-0.154814,-0.139396,-0.047457,-0.855215,0.793583
0.380000,-0.577672,0.026633,0.815835,-0.052629,-0.021146,-0.163437,-0.126198,-0.041918,-0.869288,0.794145
0.390000,-0.577800,0.028037,0.815696,-0.053821,-0.021536,-0.172196,-0.112049,-0.036105,-0.882421,0.794709
0.400000,-0.577925,0.029499,0.815557,-0.054867,-0.021867,-0.181082,-0.096981,-0.030040,-0.894626,0.795275
0.410000,-0.578047,0.031022,0.815414,-0.055757,-0.022136,-0.190086,-0.081026,-0.023747,-0.905917,0.795844
0.420000,-0.578167,0.032607,0.815267,-0.056484,-0.022341,-0.199198,-0.064217,-0.017252,-0.916308,0.796414
0.430000,-0.578283,0.034249,0.815117,-0.057039,-0.022480,-0.208409,-0.046588,-0.010578,-0.925815,0.796986
0.440000,-0.578393,0.035948,0.814966,-0.057413,-0.022552,-0.217711,-0.028174,-0.003750,-0.934456,0.797558
0.450000,-0.578493,0.037701,0.814816,-0.057600,-0.022555,-0.227095,-0.009009,0.003205,-0.942247,0.798131
0.460000,-0.578585,0.039509,0.814664,-0.057591,-0.022488,-0.236553,0.010873,0.010262,-0.949208,0.798703
0.470000,-0.578671,0.041376,0.814511,-0.057380,-0.022350,-0.246077,0.031438,0.017395,-0.955356,0.799275
0.480000,-0.578748,0.043296,0.814356,-0.056960,-0.022140,-0.255658,0.052651,0.024578,-0.960710,0.799846
0.490000,-0.578813,0.045266,0.814203,-0.056325,-0.021858,-0.265288,0.074478,0.031784,-0.965290,0.800416
0.500000,-0.578862,0.047281,0.814053,-0.055469,-0.021504,-0.274961,0.096885,0.038987,-0.969115,0.800984
0.510000,-0.578899,0.049345,0.813905,-0.054386,-0.021078,-0.284668,0.119838,0.046160,-0.972204,0.801550
0.520000,-0.578923,0.051461,0.813756,-0.053070,-0.020581,-0.294403,0.143304,0.053276,-0.974577,0.802113
0.530000,-0.578933,0.053623,0.813610,-0.051518,-0.020013,-0.304158,0.167250,0.060308,-0.976253,0.802674
0.540000,-0.578925,0.055826,0.813467,-0.049724,-0.019375,-0.313926,0.191644,0.067230,-0.977252,0.803231
0.550000,-0.578897,0.058063,0.813331,-0.047684,-0.018669,-0.323700,0.216453,0.074014,-0.977593,0.803785
0.560000,-0.578849,0.060340,0.813199,-0.045393,-0.017896,-0.333475,0.241646,0.080633,-0.977295,0.804335
0.570000,-0.578784,0.062660,0.813070,-0.042849,-0.017057,-0.343244,0.267192,0.087061,-0.976376,0.804880
0.580000,-0.578698,0.065017,0.812946,-0.040048,-0.016155,-0.353001,0.293060,0.093270,-0.974856,0.805421
0.590000,-0.578590,0.067403,0.812829,-0.036987,-0.015192,-0.362739,0.319220,0.099234,-0.972752,0.805957
0.600000,-0.578455,0.069811,0.812721,-0.033663,-0.014171,-0.372454,0.345643,0.104926,-0.970082,0.806487
0.610000,-0.578296,0.072248,0.812621,-0.030073,-0.013095,-0.382139,0.372299,0.110320,-0.966864,0.807011
0.620000,-0.578114,0.074717,0.812528,-0.026216,-0.011966,-0.391789,0.399161,0.115388,-0.963115,0.807529
0.630000,-0.577907,0.077211,0.812442,-0.022090,-0.010788,-0.401400,0.426200,0.120106,-0.958853,0.808040
0.640000,-0.577672,0.079722,0.812367,-0.017692,-0.009565,-0.410965,0.453390,0.124446,-0.954093,0.808544
0.650000,-0.577407,0.082242,0.812304,-0.013021,-0.008301,-0.420480,0.480702,0.128383,-0.948852,0.809042
0.660000,-0.577112,0.084778,0.812253,-0.008077,-0.006999,-0.429940,0.508112,0.131891,-0.943147,0.809531
0.670000,-0.576790,0.087333,0.812211,-0.002859,-0.005664,-0.439341,0.535593,0.134945,-0.936992,0.810013
0.680000,-0.576438,0.089900,0.812180,0.002635,-0.004301,-0.448679,0.563119,0.137520,-0.930402,0.810486
0.690000,-0.576055,0.092470,0.812164,0.008404,-0.002915,-0.457948,0.590667,0.139592,-0.923393,0.810951
0.700000,-0.575638,0.095035,0.812163,0.014448,-0.001511,-0.467145,0.618211,0.141135,-0.915980,0.811407
0.710000,-0.575189,0.097601,0.812177,0.020768,-0.000095,-0.476266,0.645728,0.142126,-0.908175,0.811854
0.720000,-0.574709,0.100173,0.812204,0.027362,0.001329,-0.485307,0.673195,0.142541,-0.899994,0.812291
0.730000,-0.574196,0.102743,0.812246,0.034231,0.002754,-0.494265,0.700587,0.142357,-0.891450,0.812718
0.740000,-0.573650,0.105301,0.812304,0.041374,0.004174,-0.503135,0.727883,0.141552,-0.882557,0.813135
0.750000,-0.573069,0.107839,0.812381,0.048789,0.005583,-0.511915,0.755060,0.140103,-0.873327,0.813542
0.760000,-0.572454,0.110362,0.812475,0.056475,0.006974,-0.520601,0.782096,0.137989,-0.863773,0.813937
0.770000,-0.571806,0.112878,0.812587,0.064430,0.008341,-0.529189,0.808969,0.135189,-0.853909,0.814322
0.780000,-0.571123,0.115375,0.812716,0.072653,0.009676,-0.537678,0.835658,0.131682,-0.843746,0.814696
0.790000,-0.570408,0.117846,0.812864,0.081143,0.010972,-0.546063,0.862141,0.127449,-0.833297,0.815058
0.800000,-0.569659,0.120281,0.813032,0.089896,0.012222,-0.554343,0.888398,0.122470,-0.822574,0.815408
0.810000,-0.568877,0.122687,0.813220,0.098910,0.013419,-0.562514,0.914408,0.116729,-0.811589,0.815746
0.820000,-0.568060,0.125069,0.813428,0.108183,0.014554,-0.570574,0.940150,0.110206,-0.800354,0.816072
0.830000,-0.567211,0.127418,0.813656,0.117712,0.015620,-0.578520,0.965604,0.102886,-0.788881,0.816386
0.840000,-0.566331,0.129724,0.813905,0.127494,0.016609,-0.586351,0.990750,0.094752,-0.777182,0.816686
0.850000,-0.565421,0.131979,0.814175,0.137526,0.017513,-0.594063,1.015568,0.085791,-0.765269,0.816973
0.860000,-0.564481,0.134189,0.814466,0.147804,0.018322,-0.601655,1.040037,0.075987,-0.753152,0.817247
0.870000,-0.563508,0.136360,0.814779,0.158325,0.019030,-0.609125,1.064138,0.065329,-0.740844,0.817508
0.880000,-0.562506,0.138482,0.815113,0.169086,0.019626,-0.616472,1.087852,0.053805,-0.728357,0.817755
0.890000,-0.561479,0.140547,0.815468,0.180081,0.020103,-0.623692,1.111158,0.041403,-0.715701,0.817988
0.900000,-0.560428,0.142545,0.815844,0.191307,0.020451,-0.630785,1.134038,0.028116,-0.702890,0.818207
0.910000,-0.559352,0.144483,0.816241,0.202760,0.020662,-0.637749,1.156471,0.013934,-0.689935,0.818412
0.920000,-0.558248,0.146365,0.816661,0.214435,0.020727,-0.644583,1.178438,-0.001149,-0.676847,0.818602
0.930000,-0.557122,0.148185,0.817103,0.226327,0.020637,-0.651286,1.199921,-0.017139,-0.663639,0.818778
0.940000,-0.555977,0.149932,0.817563,0.238432,0.020381,-0.657856,1.220899,-0.034039,-0.650323,0.818938
0.950000,-0.554820,0.151598,0.818042,0.250744,0.019953,-0.664292,1.241354,-0.051852,-0.636911,0.819084
0.960000,-0.553645,0.153188,0.818542,0.263257,0.019341,-0.670594,1.261266,-0.070580,-0.623415,0.819215
0.970000,-0.552450,0.154709,0.819063,0.275967,0.018538,-0.676760,1.280616,-0.090222,-0.609849,0.819330
0.980000,-0.551241,0.156152,0.819604,0.288868,0.017534,-0.682791,1.299387,-0.110775,-0.596223,0.819431
0.990000,-0.550025,0.157509,0.820161,0.301953,0.016320,-0.688684,1.317558,-0.132236,-0.582552,0.819515
1.000000,-0.548808,0.158772,0.820732,0.315217,0.014886,-0.694442,1.335111,-0.154599,-0.568849,0.819584
1.010000,-0.547586,0.159946,0.821320,0.328653,0.013225,-0.700061,1.352027,-0.177856,-0.555125,0.819638
1.020000,-0.546354,0.161036,0.821928,0.342255,0.011327,-0.705544,1.368289,-0.201999,-0.541395,0.819675
1.030000,-0.545120,0.162035,0.822550,0.356016,0.009182,-0.710889,1.383877,-0.227016,-0.527672,0.819697
1.040000,-0.543892,0.162936,0.823185,0.369930,0.006784,-0.716098,1.398775,-0.252894,-0.513968,0.819703
1.050000,-0.542680,0.163732,0.823827,0.383990,0.004122,-0.721169,1.412964,-0.279617,-0.500299,0.819692
1.060000,-0.541476,0.164427,0.824480,0.398187,0.001189,-0.726104,1.426427,-0.307169,-0.486677,0.819666
1.070000,-0.540275,0.165026,0.825148,0.412516,-0.002024,-0.730903,1.439146,-0.335530,-0.473115,0.819623
1.080000,-0.539088,0.165522,0.825825,0.426968,-0.005525,-0.735566,1.451106,-0.364677,-0.459629,0.819564
1.090000,-0.537923,0.165910,0.826506,0.441535,-0.009320,-0.740095,1.462290,-0.394588,-0.446232,0.819489
1.100000,-0.536792,0.166184,0.827186,0.456211,-0.013419,-0.744491,1.472682,-0.425236,-0.432937,0.819397
1.110000,-0.535686,0.166348,0.827870,0.470986,-0.017827,-0.748755,1.482267,-0.456592,-0.419758,0.819288
1.120000,-0.534600,0.166404,0.828561,0.485853,-0.022553,-0.752887,1.491029,-0.488627,-0.406710,0.819163
1.130000,-0.533544,0.166349,0.829252,0.500804,-0.027602,-0.756889,1.498956,-0.521305,-0.393805,0.819020
1.140000,-0.532530,0.166179,0.829938,0.515830,-0.032980,-0.760763,1.506034,-0.554593,-0.381058,0.818861
1.150000,-0.531569,0.165890,0.830611,0.530922,-0.038695,-0.764511,1.512250,-0.588452,-0.368483,0.818685
1.160000,-0.530654,0.165483,0.831277,0.546072,-0.044751,-0.768134,1.517592,-0.622841,-0.356091,0.818491
1.170000,-0.529776,0.164960,0.831941,0.561271,-0.051153,-0.771633,1.522049,-0.657717,-0.343897,0.818280
1.180000,-0.528947,0.164321,0.832594,0.576510,-0.057907,-0.775012,1.525612,-0.693035,-0.331913,0.818051
1.190000,-0.528182,0.163562,0.833229,0.591780,-0.065015,-0.778272,1.528272,-0.728747,-0.320151,0.817805
1.200000,-0.527492,0.162682,0.833839,0.607072,-0.072483,-0.781416,1.530021,-0.764802,-0.308624,0.817542
1.210000,-0.526867,0.161680,0.834428,0.622378,-0.080312,-0.784446,1.530852,-0.801147,-0.297342,0.817261
1.220000,-0.526301,0.160559,0.835002,0.637687,-0.088506,-0.787364,1.530760,-0.837727,-0.286318,0.816964
1.230000,-0.525805,0.159317,0.835552,0.652990,-0.097067,-0.790173,1.529741,-0.874484,-0.275562,0.816650
1.240000,-0.525393,0.157957,0.836069,0.668278,-0.105996,-0.792876,1.527793,-0.911356,-0.265082,0.816320
1.250000,-0.525079,0.156477,0.836545,0.683543,-0.115294,-0.795475,1.524915,-0.948283,-0.254889,0.815975
1.260000,-0.524852,0.154877,0.836985,0.698774,-0.124962,-0.797975,1.521107,-0.985197,-0.244991,0.815617
1.270000,-0.524705,0.153155,0.837394,0.713962,-0.134998,-0.800376,1.516372,-1.022032,-0.235395,0.815247
1.280000,-0.524650,0.151315,0.837763,0.729098,-0.145402,-0.802683,1.510714,-1.058718,-0.226108,0.814867
1.290000,-0.524700,0.149359,0.838082,0.744173,-0.156171,-0.804899,1.504138,-1.095183,-0.217136,0.814480
1.300000,-0.524869,0.147292,0.838342,0.759178,-0.167304,-0.807027,1.496653,-1.131352,-0.208483,0.814088
1.310000,-0.525147,0.145109,0.838549,0.774103,-0.178797,-0.809070,1.488268,-1.167150,-0.200152,0.813693
1.320000,-0.525526,0.142807,0.838707,0.788941,-0.190645,-0.811031,1.478996,-1.202497,-0.192145,0.813299
1.330000,-0.526017,0.140393,0.838806,0.803681,-0.202845,-0.812914,1.468849,-1.237315,-0.184464,0.812911
1.340000,-0.526634,0.137872,0.838837,0.818315,-0.215390,-0.814721,1.457845,-1.271522,-0.177109,0.812530
1.350000,-0.527389,0.135251,0.838790,0.832835,-0.228273,-0.816457,1.446002,-1.305033,-0.170077,0.812159
1.360000,-0.528273,0.132523,0.838668,0.847232,-0.241488,-0.818124,1.433340,-1.337765,-0.163365,0.811795
1.370000,-0.529278,0.129685,0.838479,0.861499,-0.255025,-0.819725,1.419882,-1.369631,-0.156968,0.811441
1.380000,-0.530414,0.126744,0.838211,0.875628,-0.268877,-0.821264,1.405655,-1.400544,-0.150880,0.811094
1.390000,-0.531692,0.123711,0.837854,0.889610,-0.283033,-0.822744,1.390685,-1.430416,-0.145093,0.810747
1.400000,-0.533124,0.120593,0.837398,0.903439,-0.297481,-0.824167,1.375002,-1.459158,-0.139597,0.810390
1.410000,-0.534703,0.117383,0.836848,0.917108,-0.312212,-0.825536,1.358640,-1.486680,-0.134380,0.809987
1.420000,-0.536418,0.114074,0.836207,0.930610,-0.327211,-0.826855,1.341633,-1.512894,-0.129430,0.809543
1.430000,-0.538280,0.110679,0.835467,0.943939,-0.342465,-0.828126,1.324019,-1.537709,-0.124732,0.809036
1.440000,-0.540297,0.107207,0.834617,0.957089,-0.357960,-0.829351,1.305836,-1.561036,-0.120268,0.808434
1.450000,-0.542479,0.103672,0.833648,0.970054,-0.373680,-0.830532,1.287127,-1.582785,-0.116021,0.807697
1.460000,-0.544818,0.100063,0.832563,0.982830,-0.389610,-0.831671,1.267934,-1.602868,-0.111970,0.806846
1.470000,-0.547308,0.096373,0.831364,0.995411,-0.405732,-0.832772,1.248305,-1.621198,-0.108094,0.805725
1.480000,-0.549954,0.092615,0.830044,1.007795,-0.422028,-0.833834,1.228288,-1.637689,-0.104368,0.804246
1.490000,-0.552761,0.088803,0.828595,1.019976,-0.438479,-0.834859,1.207930,-1.652256,-0.100768,0.802334
1.500000,-0.555737,0.084950,0.827007,1.031952,-0.455067,-0.835849,1.187284,-1.664819,-0.097267,0.799926
1.510000,-0.558876,0.081046,0.825282,1.043721,-0.471769,-0.836805,1.166400,-1.675298,-0.093839,0.796999
1.520000,-0.562172,0.077081,0.823420,1.055280,-0.488566,-0.837726,1.145333,-1.683615,-0.090453,0.793539
1.530000,-0.565628,0.073072,0.821417,1.066627,-0.505434,-0.838614,1.124134,-1.689698,-0.087081,0.789583
1.540000,-0.569245,0.069032,0.819265,1.077762,-0.522352,-0.839468,1.102857,-1.693477,-0.083693,0.785221
1.550000,-0.573025,0.064977,0.816958,1.088684,-0.539296,-0.840288,1.081556,-1.694887,-0.080258,0.780590
1.560000,-0.576967,0.060897,0.814494,1.099393,-0.556242,-0.841073,1.060284,-1.693869,-0.076745,0.775664
1.570000,-0.581065,0.056781,0.811874,1.109890,-0.573166,-0.841822,1.039091,-1.690369,-0.073125,0.770982
1.580000,-0.585318,0.052644,0.809093,1.120175,-0.590042,-0.842535,1.018029,-1.684337,-0.069367,0.766891
1.590000,-0.589724,0.048503,0.806147,1.130251,-0.606844,-0.843209,0.997144,-1.675733,-0.065442,0.763741
1.600000,-0.594279,0.044373,0.803034,1.140119,-0.623548,-0.843843,0.976485,-1.664522,-0.061321,0.761861
1.610000,-0.598986,0.040245,0.799748,1.149781,-0.640127,-0.844435,0.956097,-1.650677,-0.056977,0.761663
1.620000,-0.603840,0.036106,0.796287,1.159242,-0.656553,-0.844982,0.936020,-1.634181,-0.052385,0.763181
1.630000,-0.608836,0.031974,0.792651,1.168503,-0.672802,-0.845482,0.916295,-1.615024,-0.047518,0.766501
1.640000,-0.613967,0.027863,0.788840,1.177569,-0.688846,-0.845931,0.896959,-1.593207,-0.042356,0.771621
1.650000,-0.619226,0.023789,0.784853,1.186443,-0.704658,-0.846328,0.878045,-1.568736,-0.036876,0.778454
1.660000,-0.624615,0.019743,0.780683,1.195131,-0.720212,-0.846668,0.859584,-1.541625,-0.031060,0.787103
1.670000,-0.630136,0.015714,0.776326,1.203636,-0.735482,-0.846948,0.841603,-1.511901,-0.024892,0.796948
1.680000,-0.635776,0.011717,0.771785,1.211964,-0.750442,-0.847165,0.824126,-1.479594,-0.018359,0.807606
1.690000,-0.641526,0.007765,0.767062,1.220120,-0.765066,-0.847314,0.807173,-1.444746,-0.011448,0.818688
1.700000,-0.647373,0.003874,0.762163,1.228109,-0.779329,-0.847393,0.790762,-1.407402,-0.004153,0.829838
1.710000,-0.653324,0.000036,0.757078,1.235937,-0.793207,-0.847396,0.774905,-1.367616,0.003532,0.840447
1.720000,-0.659381,-0.003759,0.751800,1.243609,-0.806674,-0.847321,0.759612,-1.325443,0.011609,0.850751
1.730000,-0.665527,-0.007499,0.746336,1.251131,-0.819708,-0.847163,0.744889,-1.280949,0.020075,0.860770
1.740000,-0.671751,-0.011170,0.740693,1.258508,-0.832286,-0.846918,0.730737,-1.234199,0.028927,0.870615
1.750000,-0.678037,-0.014761,0.734880,1.265747,-0.844385,-0.846583,0.717157,-1.185267,0.038155,0.880484
1.760000,-0.684392,-0.018277,0.728885,1.272853,-0.855984,-0.846154,0.704143,-1.134230,0.047749,0.890517
1.770000,-0.690820,-0.021727,0.722700,1.279832,-0.867063,-0.845627,0.691688,-1.081167,0.057694,0.901200
1.780000,-0.697304,-0.025100,0.716336,1.286689,-0.877601,-0.844999,0.679782,-1.026160,0.067974,0.912909
1.790000,-0.703827,-0.028386,0.709804,1.293429,-0.887580,-0.844267,0.668411,-0.969295,0.078567,0.926013
1.800000,-0.710374,-0.031575,0.703116,1.300059,-0.896981,-0.843427,0.657561,-0.910661,0.089451,0.940833
1.810000,-0.716951,-0.034673,0.696261,1.306582,-0.905788,-0.842477,0.647214,-0.850348,0.100600,0.957943
1.820000,-0.723565,-0.037683,0.689227,1.313004,-0.913983,-0.841415,0.637350,-0.788451,0.111987,0.977065
1.830000,-0.730198,-0.040600,0.682029,1.319330,-0.921552,-0.840237,0.627950,-0.725065,0.123582,0.998156
1.840000,-0.736830,-0.043416,0.674682,1.325565,-0.928480,-0.838943,0.618989,-0.660288,0.135353,1.021092
1.850000,-0.743445,-0.046124,0.667204,1.331711,-0.934754,-0.837530,0.610445,-0.594217,0.147268,1.045687
1.860000,-0.750052,-0.048725,0.659581,1.337775,-0.940361,-0.835997,0.602293,-0.526953,0.159290,1.071661
1.870000,-0.756658,-0.051225,0.651801,1.343759,-0.945289,-0.834344,0.594508,-0.458595,0.171384,1.098819
1.880000,-0.763244,-0.053619,0.643882,1.349666,-0.949529,-0.832569,0.587063,-0.389245,0.183512,1.126909
1.890000,-0.769792,-0.055902,0.635843,1.355501,-0.953071,-0.830673,0.579933,-0.319005,0.195637,1.155690
1.900000,-0.776284,-0.058069,0.627703,1.361266,-0.955907,-0.828657,0.573090,-0.247974,0.207719,1.184947
1.910000,-0.782730,-0.060121,0.619450,1.366964,-0.958028,-0.826519,0.566509,-0.176254,0.219718,1.214376
1.920000,-0.789139,-0.062062,0.611071,1.372597,-0.959430,-0.824263,0.560162,-0.103944,0.231596,1.244020
1.930000,-0.795493,-0.063888,0.602585,1.378167,-0.960105,-0.821888,0.554023,-0.031144,0.243312,1.273847
1.940000,-0.801774,-0.065598,0.594016,1.383678,-0.960051,-0.819397,0.548066,0.042049,0.254826,1.303873
1.950000,-0.807966,-0.067189,0.585386,1.389129,-0.959263,-0.816792,0.542265,0.115538,0.266099,1.334152
1.960000,-0.814079,-0.068661,0.576681,1.394524,-0.957740,-0.814076,0.536596,0.189228,0.277091,1.364792
1.970000,-0.820123,-0.070016,0.567887,1.399862,-0.955478,-0.811251,0.531033,0.263024,0.287764,1.395888
1.980000,-0.826081,-0.071253,0.559029,1.405145,-0.952479,-0.808322,0.525553,0.336837,0.298080,1.427570
1.990000,-0.831938,-0.072372,0.550129,1.410373,-0.948742,-0.805291,0.520134,0.410574,0.308002,1.459974
2.000000,-0.837679,-0.073374,0.541212,1.415547,-0.944268,-0.802163,0.514754,0.484148,0.317494,1.493237
2.010000,-0.843314,-0.074257,0.532266,1.420668,-0.939059,-0.798943,0.509391,0.557474,0.326521,1.527503
2.020000,-0.848855,-0.075021,0.523275,1.425735,-0.933119,-0.795634,0.504025,0.630466,0.335051,1.562855
2.030000,-0.854287,-0.075668,0.514265,1.430749,-0.926451,-0.792243,0.498639,0.703042,0.343050,1.599370
2.040000,-0.859596,-0.076200,0.505261,1.435708,-0.919060,-0.788775,0.493214,0.775124,0.350490,1.637095
2.050000,-0.864771,-0.076618,0.496287,1.440613,-0.910951,-0.785235,0.487733,0.846633,0.357340,1.676045
2.060000,-0.869822,-0.076922,0.487332,1.445463,-0.902129,-0.781630,0.482181,0.917494,0.363574,1.716249
2.070000,-0.874760,-0.077109,0.478382,1.450256,-0.892603,-0.777966,0.476545,0.987634,0.369167,1.757576
2.080000,-0.879574,-0.077183,0.469460,1.454993,-0.882379,-0.774249,0.470809,1.056982,0.374096,1.799914
2.090000,-0.884252,-0.077148,0.460593,1.459672,-0.871466,-0.770486,0.464963,1.125470,0.378339,1.843122
2.100000,-0.888786,-0.077007,0.451806,1.464292,-0.859873,-0.766684,0.458995,1.193031,0.381876,1.887036
2.110000,-0.893187,-0.076757,0.443086,1.468852,-0.847608,-0.762851,0.452896,1.259602,0.384691,1.931441
2.120000,-0.897464,-0.076396,0.434422,1.473350,-0.834684,-0.758993,0.446657,1.325121,0.386767,1.976193
2.130000,-0.901609,-0.075930,0.425836,1.477784,-0.821110,-0.755118,0.440269,1.389530,0.388092,2.021108
2.140000,-0.905615,-0.075363,0.417352,1.482155,-0.806897,-0.751233,0.433726,1.452771,0.388654,2.065997
2.150000,-0.909474,-0.074699,0.408996,1.486458,-0.792058,-0.747347,0.427022,1.514791,0.388444,2.110672
2.160000,-0.913197,-0.073935,0.400755,1.490695,-0.776605,-0.743467,0.420152,1.575538,0.387455,2.154920
2.170000,-0.916794,-0.073069,0.392619,1.494861,-0.760552,-0.739601,0.413113,1.634962,0.385682,2.198593
2.180000,-0.920259,-0.072107,0.384609,1.498956,-0.743910,-0.735756,0.405900,1.693016,0.383121,2.241518
2.190000,-0.923587,-0.071054,0.376748,1.502979,-0.726696,-0.731941,0.398512,1.749656,0.379772,2.283528
2.200000,-0.926773,-0.069915,0.369058,1.506926,-0.708922,-0.728163,0.390947,1.804838,0.375635,2.324456
2.210000,-0.929827,-0.068688,0.361529,1.510797,-0.690604,-0.724430,0.383203,1.858524,0.370713,2.364198
2.220000,-0.932759,-0.067369,0.354151,1.514589,-0.671756,-0.720751,0.375281,1.910674,0.365011,2.402509
2.230000,-0.935564,-0.065965,0.346942,1.518302,-0.652395,-0.717133,0.367182,1.961252,0.358535,2.439214
2.240000,-0.938240,-0.064481,0.339924,1.521933,-0.632537,-0.713583,0.358905,2.010226,0.351295,2.474146
2.250000,-0.940784,-0.062925,0.333116,1.525480,-0.612196,-0.710109,0.350453,2.057564,0.343300,2.507160
2.260000,-0.943204,-0.061293,0.326510,1.528941,-0.591391,-0.706719,0.341828,2.103236,0.334562,2.538055
2.270000,-0.945510,-0.059580,0.320096,1.532316,-0.570137,-0.703420,0.333032,2.147215,0.325094,2.566831
2.280000,-0.947698,-0.057794,0.313891,1.535601,-0.548452,-0.700220,0.324069,2.189474,0.314912,2.593439
2.290000,-0.949769,-0.055943,0.307912,1.538796,-0.526353,-0.697124,0.314942,2.229991,0.304033,2.617849
2.300000,-0.951720,-0.054032,0.302175,1.541900,-0.503858,-0.694141,0.305654,2.268744,0.292474,2.640046
2.310000,-0.953558,-0.052059,0.296676,1.544909,-0.480984,-0.691277,0.296211,2.305711,0.280256,2.660054
2.320000,-0.955292,-0.050018,0.291403,1.547823,-0.457750,-0.688538,0.286617,2.340875,0.267400,2.677850
2.330000,-0.956920,-0.047918,0.286372,1.550641,-0.434173,-0.685931,0.276876,2.374218,0.253927,2.693442
2.340000,-0.958441,-0.045765,0.281596,1.553360,-0.410271,-0.683461,0.266995,2.405725,0.239862,2.706843
2.350000,-0.959856,-0.043569,0.277088,1.555980,-0.386064,-0.681135,0.256978,2.435382,0.225229,2.718077
2.360000,-0.961170,-0.041324,0.272845,1.558499,-0.361570,-0.678959,0.246831,2.463175,0.210054,2.727293
2.370000,-0.962389,-0.039025,0.268858,1.560917,-0.336807,-0.676936,0.236560,2.489094,0.194364,2.734372
2.380000,-0.963513,-0.036680,0.265137,1.563230,-0.311794,-0.675073,0.226172,2.513128,0.178187,2.739337
2.390000,-0.964541,-0.034298,0.261693,1.565440,-0.286551,-0.673374,0.215673,2.535267,0.161551,2.742249
2.400000,-0.965475,-0.031888,0.258536,1.567543,-0.261095,-0.671843,0.205068,2.555505,0.144487,2.743214
2.410000,-0.966317,-0.029443,0.255663,1.569541,-0.235447,-0.670485,0.194365,2.573833,0.127023,2.742227
2.420000,-0.967073,-0.026959,0.253068,1.571430,-0.209625,-0.669304,0.183571,2.590245,0.109191,2.739743
2.430000,-0.967741,-0.024444,0.250758,1.573212,-0.183648,-0.668303,0.172692,2.604737,0.091022,2.736100
2.440000,-0.968323,-0.021906,0.248738,1.574884,-0.157536,-0.667484,0.161735,2.617303,0.072549,2.731683
2.450000,-0.968818,-0.019356,0.247016,1.576446,-0.131309,-0.666852,0.150708,2.627941,0.053803,2.726898
2.460000,-0.969229,-0.016786,0.245590,1.577898,-0.104984,-0.666409,0.139616,2.636647,0.034817,2.722078
2.470000,-0.969557,-0.014192,0.244456,1.579238,-0.078582,-0.666157,0.128468,2.643419,0.015623,2.717745
2.480000,-0.969802,-0.011582,0.243617,1.580467,-0.052122,-0.666097,0.117270,2.648256,-0.003745,2.714299
2.490000,-0.969966,-0.008965,0.243076,1.581584,-0.025623,-0.666232,0.106030,2.651157,-0.023254,2.712077
2.500000,-0.970047,-0.006350,0.242834,1.582588,0.000895,-0.666563,0.094753,2.652123,-0.042873,2.711326
2.510000,-0.970046,-0.003732,0.242893,1.583479,0.027413,-0.667090,0.083448,2.651153,-0.062566,2.712450
2.520000,-0.969963,-0.001105,0.243250,1.584257,0.053911,-0.667814,0.072122,2.648249,-0.082302,2.715120
2.530000,-0.969798,0.001524,0.243906,1.584921,0.080371,-0.668736,0.060781,2.643412,-0.102047,2.719154
2.540000,-0.969550,0.004143,0.244858,1.585472,0.106773,-0.669855,0.049433,2.636647,-0.121769,2.724270
2.550000,-0.969220,0.006744,0.246103,1.585910,0.133098,-0.671171,0.038084,2.627954,-0.141435,2.730106
2.560000,-0.968805,0.009334,0.247647,1.586234,0.159326,-0.672683,0.026741,2.617339,-0.161013,2.736264
2.570000,-0.968305,0.011918,0.249488,1.586445,0.185438,-0.674391,0.015412,2.604806,-0.180469,2.742256
2.580000,-0.967717,0.014486,0.251622,1.586542,0.211416,-0.676292,0.004104,2.590361,-0.199772,2.747612
2.590000,-0.967043,0.017031,0.254042,1.586527,0.237239,-0.678386,-0.007177,2.574008,-0.218890,2.751877
2.600000,-0.966282,0.019542,0.256744,1.586399,0.262890,-0.680669,-0.018424,2.555756,-0.237791,2.754641
2.610000,-0.965429,0.022026,0.259733,1.586158,0.288348,-0.683141,-0.029630,2.535612,-0.256444,2.755289
2.620000,-0.964482,0.024489,0.263010,1.585806,0.313596,-0.685797,-0.040788,2.513585,-0.274819,2.753911
2.630000,-0.963440,0.026921,0.266567,1.585343,0.338614,-0.688636,-0.051891,2.489684,-0.292885,2.750406
2.640000,-0.962303,0.029314,0.270395,1.584769,0.363383,-0.691654,-0.062933,2.463920,-0.310612,2.744732
2.650000,-0.961071,0.031659,0.274482,1.584084,0.387886,-0.694847,-0.073907,2.436305,-0.327973,2.736894
2.660000,-0.959738,0.033961,0.278838,1.583291,0.412103,-0.698212,-0.084807,2.406851,-0.344937,2.727051
2.670000,-0.958298,0.036227,0.283465,1.582388,0.436017,-0.701745,-0.095627,2.375573,-0.361478,2.715089
2.680000,-0.956752,0.038447,0.288353,1.581378,0.459609,-0.705440,-0.106360,2.342485,-0.377570,2.701023
2.690000,-0.955100,0.040613,0.293486,1.580262,0.482861,-0.709295,-0.117001,2.307605,-0.393186,2.684871
2.700000,-0.953343,0.042717,0.298851,1.579039,0.505755,-0.713303,-0.127543,2.270950,-0.408303,2.666648
2.710000,-0.951474,0.044764,0.304457,1.577711,0.528274,-0.717459,-0.137982,2.232539,-0.422896,2.646445
2.720000,-0.949484,0.046759,0.310312,1.576279,0.550400,-0.721759,-0.148312,2.192395,-0.436943,2.624153
2.730000,-0.947376,0.048694,0.316397,1.574745,0.572116,-0.726196,-0.158528,2.150538,-0.450422,2.599747
2.740000,-0.945151,0.050561,0.322697,1.573109,0.593405,-0.730765,-0.168625,2.106995,-0.463314,2.573210
2.750000,-0.942810,0.052352,0.329195,1.571373,0.614251,-0.735460,-0.178600,2.061789,-0.475599,2.544539
2.760000,-0.940344,0.054072,0.335901,1.569538,0.634636,-0.740275,-0.188447,2.014951,-0.487261,2.513646
2.770000,-0.937746,0.055726,0.342822,1.567605,0.654545,-0.745204,-0.198164,1.966508,-0.498283,2.480735
2.780000,-0.935018,0.057306,0.349940,1.565575,0.673961,-0.750239,-0.207746,1.916493,-0.508651,2.445928
2.790000,-0.932162,0.058805,0.357234,1.563450,0.692870,-0.755375,-0.217192,1.864939,-0.518352,2.409369
2.800000,-0.929182,0.060216,0.364685,1.561231,0.711255,-0.760604,-0.226499,1.811882,-0.527374,2.371217
2.810000,-0.926068,0.061543,0.372304,1.558920,0.729102,-0.765920,-0.235666,1.757360,-0.535707,2.331700
2.820000,-0.922812,0.062790,0.380100,1.556519,0.746398,-0.771316,-0.244690,1.701412,-0.543344,2.290926
2.830000,-0.919416,0.063951,0.388052,1.554027,0.763126,-0.776784,-0.253572,1.644081,-0.550278,2.249062
2.840000,-0.915887,0.065019,0.396136,1.551448,0.779275,-0.782319,-0.262310,1.585411,-0.556505,2.206277
2.850000,-0.912229,0.065988,0.404332,1.548781,0.794830,-0.787912,-0.270907,1.525449,-0.562022,2.162743
2.860000,-0.908432,0.066862,0.412651,1.546030,0.809780,-0.793557,-0.279364,1.464242,-0.566827,2.118637
2.870000,-0.904487,0.067643,0.421103,1.543194,0.824111,-0.799247,-0.287681,1.401842,-0.570922,2.074128
2.880000,-0.900399,0.068327,0.429665,1.540277,0.837813,-0.804973,-0.295864,1.338303,-0.574310,2.029392
2.890000,-0.896177,0.068908,0.438313,1.537278,0.850874,-0.810731,-0.303914,1.273680,-0.576995,1.984602
2.900000,-0.891828,0.069381,0.447022,1.534199,0.863283,-0.816511,-0.311837,1.208031,-0.578984,1.939930
2.910000,-0.887342,0.069749,0.455807,1.531041,0.875031,-0.822308,-0.319638,1.141416,-0.580286,1.895503
2.920000,-0.882708,0.070014,0.464678,1.527806,0.886109,-0.828115,-0.327324,1.073898,-0.580911,1.851547
2.930000,-0.877935,0.070172,0.473609,1.524495,0.896507,-0.833924,-0.334902,1.005542,-0.580872,1.808235
2.940000,-0.873034,0.070220,0.482577,1.521108,0.906217,-0.839730,-0.342380,0.936415,-0.580182,1.765724
2.950000,-0.868015,0.070153,0.491557,1.517648,0.915233,-0.845526,-0.349768,0.866586,-0.578859,1.724151
2.960000,-0.862868,0.069974,0.500562,1.514113,0.923547,-0.851305,-0.357076,0.796127,-0.576920,1.683655
2.970000,-0.857583,0.069683,0.509604,1.510506,0.931154,-0.857062,-0.364316,0.725112,-0.574384,1.644280
2.980000,-0.852171,0.069280,0.518657,1.506827,0.938048,-0.862791,-0.371500,0.653618,-0.571274,1.606066
2.990000,-0.846644,0.068760,0.527698,1.503076,0.944225,-0.868486,-0.378641,0.581721,-0.567612,1.569018
3.000000,-0.841018,0.068123,0.536702,1.499254,0.949681,-0.874142,-0.385755,0.509503,-0.563424,1.533112
3.010000,-0.835281,0.067368,0.545681,1.495361,0.954414,-0.879753,-0.392856,0.437046,-0.558735,1.498338
3.020000,-0.829423,0.066498,0.554650,1.491397,0.958422,-0.885315,-0.399962,0.364435,-0.553573,1.464554
3.030000,-0.823458,0.065510,0.563583,1.487362,0.961703,-0.890823,-0.407089,0.291755,-0.547966,1.431645
3.040000,-0.817402,0.064405,0.572456,1.483255,0.964257,-0.896273,-0.414255,0.219096,-0.541946,1.399483
3.050000,-0.811271,0.063182,0.581247,1.479076,0.966085,-0.901661,-0.421481,0.146546,-0.535542,1.367941
3.060000,-0.805055,0.061841,0.589968,1.474825,0.967189,-0.906983,-0.428786,0.074199,-0.528787,1.336915
3.070000,-0.798744,0.060382,0.598633,1.470500,0.967570,-0.912236,-0.436190,0.002146,-0.521713,1.306284
3.080000,-0.792355,0.058806,0.607219,1.466101,0.967233,-0.917416,-0.443715,-0.069517,-0.514354,1.275968
3.090000,-0.785905,0.057115,0.615704,1.461626,0.966182,-0.922522,-0.451382,-0.140694,-0.506743,1.245926
3.100000,-0.779411,0.055311,0.624066,1.457073,0.964421,-0.927550,-0.459213,-0.211288,-0.498914,1.216155
3.110000,-0.772866,0.053391,0.632319,1.452441,0.961958,-0.932500,-0.467231,-0.281200,-0.490901,1.186576
3.120000,-0.766259,0.051356,0.640476,1.447727,0.958800,-0.937368,-0.475457,-0.350333,-0.482737,1.157454
3.130000,-0.759608,0.049208,0.648517,1.442931,0.954955,-0.942154,-0.483915,-0.418586,-0.474456,1.128969
3.140000,-0.752931,0.046952,0.656422,1.438048,0.950432,-0.946857,-0.492627,-0.485859,-0.466091,1.101324
3.150000,-0.746248,0.044591,0.664173,1.433077,0.945241,-0.951475,-0.501614,-0.552054,-0.457674,1.074737
3.160000,-0.739551,0.042123,0.671781,1.428015,0.939394,-0.956010,-0.510897,-0.617071,-0.449237,1.049388
3.170000,-0.732831,0.039545,0.679261,1.422858,0.932904,-0.960460,-0.520499,-0.680812,-0.440809,1.025514
3.180000,-0.726105,0.036864,0.686595,1.417604,0.925783,-0.964826,-0.530438,-0.743178,-0.432420,1.003282
3.190000,-0.719393,0.034086,0.693767,1.412249,0.918045,-0.969109,-0.540734,-0.804073,-0.424097,0.982804
3.200000,-0.712713,0.031218,0.700761,1.406788,0.909706,-0.973308,-0.551404,-0.863403,-0.415867,0.964129
3.210000,-0.706059,0.028254,0.707589,1.401219,0.900782,-0.977426,-0.562463,-0.921074,-0.407752,0.947509
3.220000,-0.699423,0.025192,0.714264,1.395538,0.891290,-0.981464,-0.573928,-0.976995,-0.399775,0.932453
3.230000,-0.692821,0.022039,0.720773,1.389739,0.881248,-0.985422,-0.585810,-1.031079,-0.391956,0.918693
3.240000,-0.686272,0.018806,0.727102,1.383820,0.870675,-0.989303,-0.598119,-1.083240,-0.384312,0.905924
3.250000,-0.679793,0.015501,0.733241,1.377776,0.859590,-0.993109,-0.610864,-1.133394,-0.376857,0.893834
3.260000,-0.673379,0.012118,0.739198,1.371602,0.848014,-0.996841,-0.624049,-1.181464,-0.369604,0.882012
3.270000,-0.667024,0.008651,0.744986,1.365294,0.835968,-1.000501,-0.637678,-1.227373,-0.362562,0.870362
3.280000,-0.660742,0.005112,0.750596,1.358847,0.823474,-1.004093,-0.651749,-1.271049,-0.355736,0.858733
3.290000,-0.654548,0.001512,0.756019,1.352257,0.810554,-1.007617,-0.666258,-1.312425,-0.349129,0.847050
3.300000,-0.648458,-0.002137,0.761247,1.345521,0.797233,-1.011076,-0.681198,-1.351437,-0.342742,0.835319
3.310000,-0.642470,-0.005842,0.766289,1.338632,0.783533,-1.014472,-0.696560,-1.388031,-0.336572,0.823351
3.320000,-0.636577,-0.009613,0.771153,1.331588,0.769480,-1.017808,-0.712329,-1.422154,-0.330612,0.811694
3.330000,-0.630792,-0.013434,0.775835,1.324385,0.755098,-1.021085,-0.728487,-1.453760,-0.324854,0.800673
3.340000,-0.625127,-0.017292,0.780332,1.317018,0.740413,-1.024305,-0.745014,-1.482811,-0.319285,0.790637
3.350000,-0.619592,-0.021174,0.784638,1.309483,0.725450,-1.027471,-0.761886,-1.509277,-0.313892,0.781924
3.360000,-0.614189,-0.025088,0.788760,1.301779,0.710235,-1.030583,-0.779075,-1.533134,-0.308659,0.775077
3.370000,-0.608913,-0.029045,0.792705,1.293901,0.694795,-1.033644,-0.796553,-1.554369,-0.303565,0.769994
3.380000,-0.603772,-0.033028,0.796473,1.285847,0.679156,-1.036655,-0.814284,-1.572976,-0.298591,0.766738
3.390000,-0.598774,-0.037022,0.800062,1.277615,0.663344,-1.039616,-0.832235,-1.588959,-0.293714,0.765291
3.400000,-0.593926,-0.041014,0.803474,1.269202,0.647385,-1.042529,-0.850367,-1.602329,-0.288910,0.765553
3.410000,-0.589231,-0.045011,0.806710,1.260607,0.631305,-1.045395,-0.868639,-1.613104,-0.284154,0.767471
3.420000,-0.584687,-0.049026,0.809776,1.251829,0.615131,-1.048212,-0.887008,-1.621315,-0.279418,0.770642
3.430000,-0.580298,-0.053042,0.812675,1.242867,0.598887,-1.050983,-0.905431,-1.626998,-0.274677,0.774738
3.440000,-0.576066,-0.057043,0.815410,1.233721,0.582598,-1.053706,-0.923861,-1.630198,-0.269901,0.779413
3.450000,-0.571995,-0.061015,0.817984,1.224390,0.566290,-1.056381,-0.942251,-1.630963,-0.265062,0.784325
3.460000,-0.568090,-0.064966,0.820398,1.214876,0.549987,-1.059007,-0.960552,-1.629353,-0.260132,0.788961
3.470000,-0.564351,-0.068908,0.822654,1.205179,0.533711,-1.061583,-0.978715,-1.625429,-0.255082,0.793320
3.480000,-0.560776,-0.072826,0.824758,1.195302,0.517485,-1.064108,-0.996692,-1.619256,-0.249883,0.797254
3.490000,-0.557366,-0.076705,0.826716,1.185246,0.501333,-1.066580,-1.014431,-1.610908,-0.244508,0.800669
3.500000,-0.554119,-0.080528,0.828533,1.175015,0.485274,-1.068997,-1.031885,-1.600459,-0.238929,0.803518
3.510000,-0.551040,-0.084307,0.830209,1.164610,0.469330,-1.071358,-1.049004,-1.587990,-0.233119,0.805794
3.520000,-0.548133,-0.088050,0.831743,1.154036,0.453520,-1.073659,-1.065742,-1.573580,-0.227054,0.807540
3.530000,-0.545394,-0.091745,0.833144,1.143296,0.437864,-1.075898,-1.082053,-1.557314,-0.220711,0.808823
3.540000,-0.542816,-0.095378,0.834418,1.132396,0.422380,-1.078072,-1.097892,-1.539277,-0.214065,0.809726
3.550000,-0.540396,-0.098935,0.835574,1.121340,0.407084,-1.080179,-1.113217,-1.519558,-0.207098,0.810344
3.560000,-0.538139,-0.102424,0.836610,1.110133,0.391994,-1.082213,-1.127987,-1.498244,-0.199790,0.810847
3.570000,-0.536052,-0.105855,0.837522,1.098782,0.377125,-1.084173,-1.142165,-1.475425,-0.192124,0.811218
3.580000,-0.534127,-0.109215,0.838320,1.087292,0.362490,-1.086055,-1.155716,-1.451192,-0.184085,0.811508
3.590000,-0.532355,-0.112494,0.839013,1.075670,0.348105,-1.087854,-1.168606,-1.425635,-0.175659,0.811755
3.600000,-0.530727,-0.115680,0.839611,1.063922,0.333982,-1.089567,-1.180805,-1.398846,-0.166837,0.811986
3.610000,-0.529252,-0.118780,0.840109,1.052056,0.320132,-1.091189,-1.192286,-1.370914,-0.157607,0.812209
3.620000,-0.527937,-0.121800,0.840504,1.040078,0.306567,-1.092718,-1.203023,-1.341929,-0.147964,0.812448
3.630000,-0.526772,-0.124733,0.840805,1.027998,0.293297,-1.094147,-1.212996,-1.311981,-0.137901,0.812714
3.640000,-0.525744,-0.127569,0.841023,1.015821,0.280330,-1.095474,-1.222184,-1.281159,-0.127415,0.813006
3.650000,-0.524844,-0.130300,0.841166,1.003556,0.267676,-1.096694,-1.230570,-1.249549,-0.116505,0.813322
3.660000,-0.524081,-0.132929,0.841231,0.991212,0.255342,-1.097803,-1.238142,-1.217238,-0.105170,0.813649
3.670000,-0.523462,-0.135464,0.841211,0.978796,0.243334,-1.098797,-1.244888,-1.184311,-0.093413,0.813992
3.680000,-0.522976,-0.137897,0.841118,0.966317,0.231658,-1.099670,-1.250800,-1.150849,-0.081236,0.814347
3.690000,-0.522610,-0.140224,0.840962,0.953783,0.220318,-1.100420,-1.255872,-1.116934,-0.068646,0.814708
3.700000,-0.522350,-0.142438,0.840751,0.941202,0.209320,-1.101042,-1.260100,-1.082646,-0.055648,0.815072
3.710000,-0.522207,-0.144541,0.840481,0.928583,0.198667,-1.101532,-1.263483,-1.048062,-0.042250,0.815434
3.720000,-0.522189,-0.146538,0.840146,0.915935,0.188360,-1.101886,-1.266024,-1.013256,-0.028463,0.815790
3.730000,-0.522284,-0.148425,0.839756,0.903266,0.178402,-1.102100,-1.267725,-0.978301,-0.014295,0.816136
3.740000,-0.522477,-0.150200,0.839320,0.890583,0.168794,-1.102170,-1.268593,-0.943267,0.000240,0.816471
3.750000,-0.522755,-0.151860,0.838848,0.877896,0.159537,-1.102094,-1.268635,-0.908222,0.015130,0.816793
3.760000,-0.523127,-0.153404,0.838335,0.865213,0.150630,-1.101867,-1.267862,-0.873232,0.030361,0.817100
3.770000,-0.523603,-0.154835,0.837774,0.852542,0.142072,-1.101486,-1.266286,-0.838359,0.045918,0.817391
3.780000,-0.524170,-0.156153,0.837175,0.839890,0.133862,-1.100947,-1.263920,-0.803663,0.061787,0.817665
3.790000,-0.524813,-0.157357,0.836547,0.827266,0.125998,-1.100249,-1.260779,-0.769202,0.077949,0.817922
3.800000,-0.525519,-0.158448,0.835897,0.814677,0.118477,-1.099387,-1.256881,-0.735030,0.094389,0.818161
3.810000,-0.526296,-0.159424,0.835222,0.802130,0.111297,-1.098360,-1.252243,-0.701200,0.111088,0.818382
3.820000,-0.527155,-0.160285,0.834516,0.789634,0.104452,-1.097165,-1.246886,-0.667760,0.128029,0.818586
3.830000,-0.528081,-0.161033,0.833786,0.777195,0.097940,-1.095799,-1.240831,-0.634758,0.145192,0.818772
3.840000,-0.529063,-0.161670,0.833040,0.764820,0.091756,-1.094260,-1.234099,-0.602236,0.162560,0.818940
3.850000,-0.530086,-0.162200,0.832286,0.752515,0.085894,-1.092547,-1.226713,-0.570237,0.180112,0.819092
3.860000,-0.531159,-0.162619,0.831520,0.740288,0.080349,-1.090658,-1.218699,-0.538797,0.197830,0.819226
3.870000,-0.532290,-0.162925,0.830736,0.728143,0.075116,-1.088590,-1.210080,-0.507954,0.215693,0.819344
3.880000,-0.533468,-0.163123,0.829941,0.716088,0.070188,-1.086343,-1.200883,-0.477739,0.233682,0.819445
3.890000,-0.534681,-0.163217,0.829142,0.704127,0.065559,-1.083916,-1.191134,-0.448182,0.251778,0.819530
3.900000,-0.535915,-0.163212,0.828346,0.692267,0.061223,-1.081308,-1.180860,-0.419313,0.269960,0.819598
3.910000,-0.537180,-0.163104,0.827548,0.680512,0.057171,-1.078517,-1.170087,-0.391154,0.288209,0.819651
3.920000,-0.538481,-0.162890,0.826744,0.668867,0.053397,-1.075543,-1.158844,-0.363730,0.306506,0.819687
3.930000,-0.539809,-0.162575,0.825939,0.657336,0.049894,-1.072387,-1.147159,-0.337060,0.324830,0.819708
3.940000,-0.541154,-0.162165,0.825139,0.645925,0.046654,-1.069047,-1.135060,-0.311162,0.343164,0.819712
3.950000,-0.542503,-0.161668,0.824350,0.634636,0.043668,-1.065523,-1.122574,-0.286050,0.361489,0.819702
3.960000,-0.543865,-0.161078,0.823569,0.623475,0.040930,-1.061817,-1.109732,-0.261738,0.379785,0.819676
3.970000,-0.545244,-0.160390,0.822790,0.612443,0.038431,-1.057928,-1.096560,-0.238237,0.398036,0.819634
3.980000,-0.546633,-0.159612,0.822019,0.601544,0.036163,-1.053856,-1.083087,-0.215555,0.416222,0.819577
3.990000,-0.548022,-0.158752,0.821261,0.590782,0.034117,-1.049603,-1.069340,-0.193699,0.434327,0.819505
4.000000,-0.549403,-0.157816,0.820518,0.580158,0.032286,-1.045170,-1.055349,-0.172672,0.452335,0.819418
4.010000,-0.550780,-0.156800,0.819790,0.569676,0.030661,-1.040557,-1.041139,-0.152478,0.470228,0.819316
4.020000,-0.552159,-0.155697,0.819072,0.559336,0.029234,-1.035766,-1.026739,-0.133117,0.487991,0.819199
4.030000,-0.553532,-0.154517,0.818368,0.549142,0.027996,-1.030798,-1.012175,-0.114587,0.505608,0.819067
4.040000,-0.554893,-0.153267,0.817682,0.539093,0.026940,-1.025654,-0.997472,-0.096886,0.523066,0.818921
4.050000,-0.556234,-0.151954,0.817015,0.529193,0.026056,-1.020337,-0.982658,-0.080009,0.540348,0.818761
4.060000,-0.557559,-0.150575,0.816367,0.519440,0.025337,-1.014848,-0.967757,-0.063950,0.557443,0.818586
4.070000,-0.558872,-0.149122,0.815735,0.509838,0.024774,-1.009189,-0.952794,-0.048701,0.574336,0.818397
4.080000,-0.560169,-0.147605,0.815122,0.500385,0.024360,-1.003362,-0.937792,-0.034252,0.591016,0.818194
4.090000,-0.561443,-0.146031,0.814529,0.491082,0.024087,-0.997369,-0.922775,-0.020594,0.607470,0.817978
4.100000,-0.562689,-0.144410,0.813958,0.481929,0.023946,-0.991213,-0.907766,-0.007715,0.623688,0.817748
4.110000,-0.563909,-0.142734,0.813409,0.472927,0.023930,-0.984896,-0.892787,0.004398,0.639658,0.817505
4.120000,-0.565108,-0.140999,0.812879,0.464073,0.024031,-0.978421,-0.877858,0.015760,0.655370,0.817248
4.130000,-0.566280,-0.139213,0.812371,0.455369,0.024243,-0.971790,-0.863000,0.026385,0.670816,0.816979
4.140000,-0.567423,-0.137384,0.811884,0.446813,0.024557,-0.965005,-0.848233,0.036289,0.685986,0.816697
4.150000,-0.568533,-0.135521,0.811421,0.438404,0.024966,-0.958071,-0.833576,0.045489,0.700873,0.816402
4.160000,-0.569611,-0.133617,0.810981,0.430141,0.025464,-0.950989,-0.819046,0.054002,0.715467,0.816095
4.170000,-0.570659,-0.131667,0.810563,0.422023,0.026044,-0.943762,-0.804661,0.061848,0.729764,0.815777
4.180000,-0.571675,-0.129680,0.810167,0.414048,0.026699,-0.936394,-0.790437,0.069044,0.743756,0.815446
4.190000,-0.572657,-0.127663,0.809794,0.406214,0.027423,-0.928888,-0.776390,0.075611,0.757437,0.815104
4.200000,-0.573603,-0.125623,0.809443,0.398519,0.028209,-0.921247,-0.762534,0.081569,0.770803,0.814751
4.210000,-0.574513,-0.123557,0.809116,0.390962,0.029052,-0.913473,-0.748883,0.086938,0.783849,0.814387
4.220000,-0.575389,-0.121458,0.808811,0.383541,0.029946,-0.905571,-0.735450,0.091738,0.796570,0.814012
4.230000,-0.576229,-0.119334,0.808529,0.376253,0.030885,-0.897543,-0.722248,0.095992,0.808964,0.813627
4.240000,-0.577033,-0.117192,0.808269,0.369095,0.031864,-0.889393,-0.709287,0.099721,0.821027,0.813231
4.250000,-0.577799,-0.115039,0.808031,0.362066,0.032878,-0.881123,-0.696578,0.102945,0.832757,0.812826
4.260000,-0.578528,-0.112870,0.807815,0.355163,0.033922,-0.872739,-0.684131,0.105688,0.844153,0.812411
4.270000,-0.579220,-0.110682,0.807622,0.348383,0.034990,-0.864241,-0.671955,0.107970,0.855212,0.811987
4.280000,-0.579876,-0.108481,0.807450,0.341723,0.036080,-0.855635,-0.660057,0.109814,0.865933,0.811554
4.290000,-0.580494,-0.106272,0.807300,0.335181,0.037185,-0.846924,-0.648445,0.111241,0.876318,0.811112
4.300000,-0.581076,-0.104062,0.807169,0.328753,0.038303,-0.838110,-0.637126,0.112273,0.886365,0.810662
4.310000,-0.581621,-0.101847,0.807059,0.322437,0.039429,-0.829198,-0.626104,0.112931,0.896075,0.810204
4.320000,-0.582129,-0.099624,0.806971,0.316230,0.040560,-0.820190,-0.615385,0.113238,0.905449,0.809739
4.330000,-0.582600,-0.097397,0.806902,0.310128,0.041693,-0.811090,-0.604973,0.113213,0.914488,0.809266
4.340000,-0.583035,-0.095173,0.806853,0.304130,0.042824,-0.801901,-0.594872,0.112878,0.923195,0.808785
4.350000,-0.583436,-0.092956,0.806822,0.298230,0.043950,-0.792627,-0.585085,0.112254,0.931571,0.808299
4.360000,-0.583801,-0.090744,0.806810,0.292427,0.045068,-0.783271,-0.575612,0.111360,0.939619,0.807806
4.370000,-0.584130,-0.088532,0.806817,0.286717,0.046176,-0.773836,-0.566457,0.110217,0.947341,0.807306
4.380000,-0.584425,-0.086326,0.806843,0.281097,0.047271,-0.764325,-0.557619,0.108843,0.954742,0.806802
4.390000,-0.584686,-0.084130,0.806885,0.275563,0.048352,-0.754742,-0.549099,0.107259,0.961824,0.806292
4.400000,-0.584916,-0.081948,0.806944,0.270114,0.049416,-0.745089,-0.540896,0.105481,0.968592,0.805777
4.410000,-0.585112,-0.079779,0.807019,0.264744,0.050461,-0.735371,-0.533009,0.103529,0.975050,0.805257
4.420000,-0.585275,-0.077618,0.807111,0.259452,0.051486,-0.725589,-0.525437,0.101420,0.981202,0.804733
4.430000,-0.585406,-0.075471,0.807220,0.254235,0.052489,-0.715748,-0.518178,0.099171,0.987053,0.804206
4.440000,-0.585507,-0.073339,0.807343,0.249088,0.053469,-0.705849,-0.511228,0.096797,0.992608,0.803675
4.450000,-0.585579,-0.071228,0.807480,0.244009,0.054424,-0.695897,-0.504584,0.094316,0.997872,0.803141
4.460000,-0.585622,-0.069134,0.807631,0.238995,0.055355,-0.685893,-0.498244,0.091742,1.002852,0.802604
4.470000,-0.585634,-0.067057,0.807797,0.234043,0.056259,-0.675841,-0.492202,0.089089,1.007551,0.802065
4.480000,-0.585618,-0.064998,0.807977,0.229150,0.057136,-0.665743,-0.486454,0.086372,1.011977,0.801523
4.490000,-0.585574,-0.062960,0.808170,0.224313,0.057986,-0.655602,-0.480996,0.083605,1.016136,0.800981
4.500000,-0.585507,-0.060946,0.808373,0.219529,0.058808,-0.645421,-0.475821,0.080799,1.020033,0.800437
4.510000,-0.585413,-0.058954,0.808589,0.214796,0.059602,-0.635202,-0.470924,0.077967,1.023676,0.799892
4.520000,-0.585293,-0.056984,0.808817,0.210110,0.060367,-0.624948,-0.466298,0.075120,1.027071,0.799348
4.530000,-0.585147,-0.055036,0.809057,0.205469,0.061104,-0.614662,-0.461938,0.072269,1.030224,0.798803
4.540000,-0.584979,-0.053113,0.809308,0.200870,0.061813,-0.604344,-0.457837,0.069425,1.033143,0.798258
4.550000,-0.584790,-0.051217,0.809566,0.196312,0.062493,-0.593999,-0.453987,0.066596,1.035834,0.797715
4.560000,-0.584579,-0.049347,0.809835,0.191790,0.063145,-0.583629,-0.450381,0.063792,1.038306,0.797172
4.570000,-0.584344,-0.047501,0.810115,0.187303,0.063769,-0.573234,-0.447012,0.061021,1.040564,0.796632
4.580000,-0.584088,-0.045681,0.810404,0.182849,0.064365,-0.562818,-0.443871,0.058290,1.042617,0.796093
4.590000,-0.583813,-0.043888,0.810701,0.178425,0.064935,-0.552382,-0.440951,0.055606,1.044471,0.795557
4.600000,-0.583521,-0.042124,0.811005,0.174029,0.065478,-0.541929,-0.438243,0.052976,1.046135,0.795024
4.610000,-0.583211,-0.040388,0.811316,0.169660,0.065994,-0.531460,-0.435740,0.050406,1.047615,0.794494
4.620000,-0.582880,-0.038679,0.811637,0.165314,0.066486,-0.520977,-0.433432,0.047900,1.048920,0.793968
4.630000,-0.582533,-0.036998,0.811965,0.160990,0.066953,-0.510482,-0.431311,0.045463,1.050057,0.793447
4.640000,-0.582169,-0.035345,0.812299,0.156687,0.067395,-0.499977,-0.429368,0.043099,1.051033,0.792930
4.650000,-0.581792,-0.033722,0.812638,0.152402,0.067815,-0.489462,-0.427594,0.040812,1.051857,0.792418
4.660000,-0.581400,-0.032127,0.812983,0.148135,0.068212,-0.478940,-0.425980,0.038605,1.052536,0.791911
4.670000,-0.580992,-0.030562,0.813336,0.143882,0.068587,-0.468412,-0.424518,0.036480,1.053078,0.791411
4.680000,-0.580569,-0.029025,0.813694,0.139644,0.068942,-0.457879,-0.423199,0.034438,1.053490,0.790916
4.690000,-0.580134,-0.027517,0.814056,0.135418,0.069276,-0.447343,-0.422012,0.032482,1.053780,0.790429
4.700000,-0.579688,-0.026039,0.814422,0.131203,0.069592,-0.436804,-0.420951,0.030613,1.053957,0.789949
4.710000,-0.579230,-0.024590,0.814793,0.126998,0.069889,-0.426264,-0.420005,0.028830,1.054027,0.789476
4.720000,-0.578759,-0.023171,0.815169,0.122803,0.070168,-0.415724,-0.419166,0.027134,1.053998,0.789012
4.730000,-0.578278,-0.021780,0.815549,0.118615,0.070432,-0.405184,-0.418425,0.025526,1.053878,0.788556
4.740000,-0.577786,-0.020419,0.815933,0.114434,0.070679,-0.394646,-0.417774,0.024003,1.053674,0.788110
4.750000,-0.577286,-0.019087,0.816319,0.110259,0.070912,-0.384111,-0.417204,0.022566,1.053394,0.787673
4.760000,-0.576777,-0.017784,0.816708,0.106090,0.071131,-0.373579,-0.416707,0.021213,1.053044,0.787246
4.770000,-0.576258,-0.016510,0.817101,0.101925,0.071336,-0.363050,-0.416275,0.019942,1.052633,0.786829
4.780000,-0.575730,-0.015266,0.817498,0.097764,0.071530,-0.352526,-0.415900,0.018752,1.052168,0.786424
4.790000,-0.575195,-0.014050,0.817896,0.093606,0.071712,-0.342007,-0.415575,0.017641,1.051655,0.786031
4.800000,-0.574653,-0.012862,0.818296,0.089452,0.071883,-0.331493,-0.415292,0.016607,1.051102,0.785650
4.810000,-0.574105,-0.011703,0.818698,0.085300,0.072044,-0.320985,-0.415045,0.015646,1.050514,0.785282
4.820000,-0.573549,-0.010573,0.819103,0.081151,0.072196,-0.310483,-0.414828,0.014756,1.049900,0.784928
4.830000,-0.572987,-0.009472,0.819510,0.077004,0.072339,-0.299987,-0.414633,0.013936,1.049265,0.784588
4.840000,-0.572420,-0.008398,0.819918,0.072858,0.072475,-0.289498,-0.414457,0.013181,1.048616,0.784264
4.850000,-0.571848,-0.007352,0.820327,0.068715,0.072603,-0.279015,-0.414293,0.012489,1.047959,0.783956
4.860000,-0.571271,-0.006334,0.820737,0.064572,0.072725,-0.268539,-0.414137,0.011857,1.047300,0.783665
4.870000,-0.570688,-0.005343,0.821149,0.060432,0.072841,-0.258069,-0.413986,0.011282,1.046644,0.783393
4.880000,-0.570101,-0.004381,0.821563,0.056293,0.072951,-0.247606,-0.413836,0.010762,1.045999,0.783140
4.890000,-0.569511,-0.003446,0.821977,0.052155,0.073056,-0.237149,-0.413685,0.010293,1.045368,0.782908
4.900000,-0.568917,-0.002537,0.822391,0.048019,0.073157,-0.226698,-0.413532,0.009872,1.044757,0.782696
4.910000,-0.568320,-0.001655,0.822806,0.043884,0.073254,-0.216254,-0.413375,0.009497,1.044171,0.782506
4.920000,-0.567719,-0.000801,0.823222,0.039751,0.073347,-0.205815,-0.413215,0.009165,1.043616,0.782339
4.930000,-0.567115,0.000027,0.823639,0.035620,0.073437,-0.195381,-0.413054,0.008875,1.043095,0.782195
4.940000,-0.566509,0.000828,0.824055,0.031490,0.073525,-0.184953,-0.412894,0.008624,1.042613,0.782073
4.950000,-0.565900,0.001603,0.824472,0.027362,0.073610,-0.174529,-0.412740,0.008411,1.042174,0.781974
4.960000,-0.565290,0.002343,0.824889,0.023235,0.073693,-0.164109,-0.412596,0.008233,1.041783,0.781896
4.970000,-0.564676,0.003045,0.825307,0.019110,0.073775,-0.153693,-0.412471,0.008092,1.041444,0.781837
4.980000,-0.564061,0.003727,0.825725,0.014986,0.073855,-0.143280,-0.412373,0.007986,1.041161,0.781796
4.990000,-0.563445,0.004404,0.826142,0.010862,0.073934,-0.132870,-0.412314,0.007916,1.040937,0.781767
5.000000,-0.562829,0.005091,0.826558,0.006739,0.074013,-0.122461,-0.412306,0.007882,1.040777,0.781747
