time,dir_x,dir_y,dir_z,omega_x,omega_y,omega_z,omega_dot_x,omega_dot_y,omega_dot_z,mu
0.000000,0.161112,0.000791,0.986936,0.000000,0.000000,0.000000,0.000000,0.000000,0.000000,1.189830
0.010000,0.161112,0.000793,0.986936,-0.000003,-0.000001,0.000002,-0.000908,-0.000343,0.000521,1.189838
0.020000,0.161112,0.000794,0.986936,-0.000027,-0.000010,0.000015,-0.004419,-0.001683,0.002298,1.189881
0.030000,0.161111,0.000795,0.986936,-0.000099,-0.000038,0.000052,-0.010321,-0.003936,0.005273,1.189956
0.040000,0.161111,0.000797,0.986936,-0.000242,-0.000092,0.000124,-0.018409,-0.007020,0.009388,1.190058
0.050000,0.161110,0.000798,0.986936,-0.000475,-0.000181,0.000243,-0.028486,-0.010853,0.014589,1.190183
0.060000,0.161104,0.000816,0.986937,-0.000818,-0.000311,0.000419,-0.040363,-0.015358,0.020822,1.190328
0.070000,0.161097,0.000835,0.986938,-0.001288,-0.000490,0.000663,-0.053857,-0.020460,0.028034,1.190491
0.080000,0.161091,0.000853,0.986939,-0.001900,-0.000723,0.000983,-0.068794,-0.026086,0.036175,1.190668
0.090000,0.161084,0.000872,0.986940,-0.002669,-0.001014,0.001389,-0.085005,-0.032165,0.045196,1.190859
0.100000,0.161078,0.000890,0.986941,-0.003605,-0.001367,0.001890,-0.102329,-0.038630,0.055049,1.191062
0.110000,0.161052,0.000965,0.986945,-0.004719,-0.001787,0.002493,-0.120611,-0.045414,0.065687,1.191276
0.120000,0.161026,0.001040,0.986950,-0.006020,-0.002277,0.003206,-0.139704,-0.052454,0.077066,1.191500
0.130000,0.161000,0.001114,0.986954,-0.007515,-0.002837,0.004037,-0.159465,-0.059688,0.089142,1.191733
0.140000,0.160974,0.001189,0.986958,-0.009211,-0.003471,0.004992,-0.179760,-0.067058,0.101872,1.191974
0.150000,0.160948,0.001263,0.986962,-0.011112,-0.004179,0.006077,-0.200459,-0.074507,0.115217,1.192224
0.160000,0.160895,0.001419,0.986971,-0.013222,-0.004961,0.007298,-0.221439,-0.081980,0.129135,1.192483
0.170000,0.160851,0.001546,0.986978,-0.015542,-0.005818,0.008661,-0.242583,-0.089424,0.143589,1.192749
0.180000,0.160802,0.001687,0.986985,-0.018074,-0.006750,0.010171,-0.263778,-0.096789,0.158542,1.193023
0.190000,0.160734,0.001884,0.986996,-0.020818,-0.007754,0.011834,-0.284919,-0.104026,0.173957,1.193306
0.200000,0.160634,0.002179,0.987012,-0.023772,-0.008830,0.013652,-0.305904,-0.111091,0.189800,1.193596
0.210000,0.160559,0.002399,0.987023,-0.026936,-0.009975,0.015631,-0.326638,-0.117937,0.206037,1.193895
0.220000,0.160457,0.002699,0.987039,-0.030304,-0.011188,0.017774,-0.347031,-0.124524,0.222635,1.194202
0.230000,0.160334,0.003063,0.987058,-0.033875,-0.012465,0.020085,-0.366997,-0.130811,0.239564,1.194518
0.240000,0.160194,0.003477,0.987079,-0.037643,-0.013803,0.022566,-0.386454,-0.136760,0.256792,1.194841
0.250000,0.160044,0.003925,0.987102,-0.041603,-0.015199,0.025222,-0.405328,-0.142334,0.274290,1.195174
0.260000,0.159885,0.004403,0.987126,-0.045748,-0.016649,0.028053,-0.423547,-0.147500,0.292031,1.195514
0.270000,0.159712,0.004922,0.987151,-0.050071,-0.018148,0.031063,-0.441043,-0.152225,0.309987,1.195863
0.280000,0.159524,0.005486,0.987179,-0.054566,-0.019692,0.034254,-0.457755,-0.156479,0.328131,1.196221
0.290000,0.159321,0.006103,0.987208,-0.059224,-0.021276,0.037626,-0.473623,-0.160233,0.346439,1.196587
0.300000,0.159100,0.006777,0.987239,-0.064036,-0.022895,0.041183,-0.488594,-0.163460,0.364885,1.196960
0.310000,0.158862,0.007506,0.987272,-0.068993,-0.024543,0.044924,-0.502616,-0.166135,0.383448,1.197342
0.320000,0.158607,0.008285,0.987307,-0.074085,-0.026216,0.048852,-0.515644,-0.168236,0.402103,1.197731
0.330000,0.158336,0.009120,0.987343,-0.079303,-0.027906,0.052967,-0.527633,-0.169740,0.420829,1.198127
0.340000,0.158047,0.010015,0.987381,-0.084634,-0.029608,0.057269,-0.538545,-0.170629,0.439606,1.198530
0.350000,0.157740,0.010973,0.987420,-0.090070,-0.031317,0.061759,-0.548343,-0.170884,0.458413,1.198940
0.360000,0.157415,0.011994,0.987460,-0.095598,-0.033024,0.066437,-0.556995,-0.170490,0.477232,1.199356
0.370000,0.157072,0.013073,0.987501,-0.101206,-0.034724,0.071304,-0.564471,-0.169431,0.496043,1.199777
0.380000,0.156710,0.014215,0.987542,-0.106883,-0.036411,0.076358,-0.570745,-0.167695,0.514830,1.200204
0.390000,0.156331,0.015421,0.987584,-0.112617,-0.038076,0.081600,-0.575794,-0.165271,0.533575,1.200634
0.400000,0.155934,0.016694,0.987626,-0.118395,-0.039714,0.087029,-0.579597,-0.162150,0.552262,1.201069
0.410000,0.155518,0.018033,0.987668,-0.124205,-0.041317,0.092645,-0.582136,-0.158323,0.570875,1.201506
0.420000,0.155084,0.019437,0.987710,-0.130034,-0.042878,0.098447,-0.583397,-0.153785,0.589401,1.201946
0.430000,0.154632,0.020907,0.987751,-0.135869,-0.044390,0.104433,-0.583366,-0.148530,0.607825,1.202387
0.440000,0.154163,0.022443,0.987791,-0.141697,-0.045846,0.110603,-0.582034,-0.142555,0.626133,1.202829
0.450000,0.153677,0.024046,0.987828,-0.147505,-0.047239,0.116955,-0.579393,-0.135859,0.644313,1.203271
0.460000,0.153175,0.025716,0.987864,-0.153281,-0.048561,0.123489,-0.575438,-0.128441,0.662352,1.203713
0.470000,0.152654,0.027454,0.987898,-0.159010,-0.049805,0.130202,-0.570166,-0.120302,0.680239,1.204152
0.480000,0.152118,0.029258,0.987929,-0.164680,-0.050965,0.137093,-0.563575,-0.111446,0.697964,1.204590
0.490000,0.151566,0.031126,0.987957,-0.170277,-0.052032,0.144161,-0.555666,-0.101877,0.715515,1.205024
0.500000,0.151001,0.033057,0.987981,-0.175789,-0.053000,0.151403,-0.546443,-0.091600,0.732883,1.205455
0.510000,0.150422,0.035053,0.988000,-0.181202,-0.053862,0.158818,-0.535910,-0.080622,0.750058,1.205881
0.520000,0.149826,0.037115,0.988016,-0.186503,-0.054610,0.166403,-0.524074,-0.068951,0.767033,1.206302
0.530000,0.149217,0.039241,0.988026,-0.191679,-0.055239,0.174158,-0.510942,-0.056597,0.783798,1.206718
0.540000,0.148596,0.041425,0.988030,-0.196717,-0.055740,0.182079,-0.496525,-0.043570,0.800345,1.207128
0.550000,0.147966,0.043665,0.988028,-0.201605,-0.056108,0.190164,-0.480834,-0.029884,0.816669,1.207531
0.560000,0.147325,0.045965,0.988020,-0.206330,-0.056336,0.198411,-0.463881,-0.015551,0.832761,1.207929
0.570000,0.146671,0.048327,0.988004,-0.210879,-0.056417,0.206818,-0.445681,-0.000586,0.848617,1.208321
0.580000,0.146007,0.050744,0.987981,-0.215240,-0.056345,0.215383,-0.426249,0.014995,0.864228,1.208707
0.590000,0.145337,0.053213,0.987950,-0.219400,-0.056115,0.224102,-0.405602,0.031175,0.879592,1.209088
0.600000,0.144662,0.055727,0.987911,-0.223348,-0.055720,0.232974,-0.383759,0.047936,0.894702,1.209465
0.610000,0.143981,0.058290,0.987862,-0.227071,-0.055155,0.241995,-0.360737,0.065259,0.909553,1.209838
0.620000,0.143291,0.060908,0.987805,-0.230559,-0.054413,0.251164,-0.336557,0.083124,0.924142,1.210211
0.630000,0.142597,0.063572,0.987737,-0.233799,-0.053491,0.260477,-0.311241,0.101508,0.938466,1.210583
0.640000,0.141900,0.066275,0.987660,-0.236780,-0.052381,0.269932,-0.284811,0.120391,0.952520,1.210958
0.650000,0.141206,0.069011,0.987572,-0.239491,-0.051081,0.279527,-0.257289,0.139749,0.966301,1.211337
0.660000,0.140511,0.071783,0.987473,-0.241922,-0.049585,0.289258,-0.228700,0.159558,0.979807,1.211724
0.670000,0.139813,0.074599,0.987364,-0.244062,-0.047889,0.299122,-0.199069,0.179792,0.993036,1.212123
0.680000,0.139116,0.077448,0.987243,-0.245900,-0.045988,0.309117,-0.168421,0.200425,1.005986,1.212535
0.690000,0.138423,0.080321,0.987111,-0.247427,-0.043879,0.319241,-0.136783,0.221432,1.018654,1.212966
0.700000,0.137739,0.083211,0.986967,-0.248633,-0.041558,0.329490,-0.104181,0.242785,1.031041,1.213420
0.710000,0.137060,0.086123,0.986812,-0.249508,-0.039022,0.339861,-0.070644,0.264455,1.043143,1.213900
0.720000,0.136385,0.089063,0.986644,-0.250043,-0.036268,0.350351,-0.036199,0.286414,1.054962,1.214412
0.730000,0.135716,0.092022,0.986465,-0.250229,-0.033293,0.360959,-0.000877,0.308633,1.066497,1.214959
0.740000,0.135060,0.094989,0.986274,-0.250057,-0.030095,0.371680,0.035295,0.331080,1.077747,1.215547
0.750000,0.134419,0.097953,0.986071,-0.249520,-0.026671,0.382513,0.072285,0.353727,1.088712,1.216180
0.760000,0.133791,0.100922,0.985857,-0.248609,-0.023020,0.393454,0.110063,0.376542,1.099393,1.216860
0.770000,0.133173,0.103903,0.985631,-0.247316,-0.019140,0.404500,0.148598,0.399493,1.109791,1.217592
0.780000,0.132569,0.106885,0.985394,-0.245635,-0.015029,0.415649,0.187859,0.422550,1.119906,1.218380
0.790000,0.131984,0.109856,0.985146,-0.243557,-0.010688,0.426897,0.227813,0.445679,1.129740,1.219225
0.800000,0.131423,0.112805,0.984887,-0.241076,-0.006116,0.438243,0.268429,0.468849,1.139293,1.220129
0.810000,0.130881,0.115739,0.984619,-0.238186,-0.001311,0.449682,0.309674,0.492028,1.148568,1.221088
0.820000,0.130358,0.118668,0.984340,-0.234881,0.003725,0.461213,0.351514,0.515182,1.157566,1.222098
0.830000,0.129856,0.121577,0.984051,-0.231154,0.008992,0.472832,0.393917,0.538279,1.166288,1.223153
0.840000,0.129381,0.124456,0.983754,-0.227001,0.014490,0.484538,0.436848,0.561287,1.174738,1.224244
0.850000,0.128937,0.127291,0.983449,-0.222416,0.020217,0.496326,0.480274,0.584173,1.182916,1.225357
0.860000,0.128522,0.130092,0.983137,-0.217394,0.026173,0.508195,0.524161,0.606906,1.190826,1.226484
0.870000,0.128132,0.132867,0.982817,-0.211931,0.032355,0.520142,0.568474,0.629452,1.198471,1.227599
0.880000,0.127771,0.135602,0.982490,-0.206023,0.038761,0.532164,0.613177,0.651780,1.205851,1.228682
0.890000,0.127446,0.138286,0.982158,-0.199666,0.045390,0.544258,0.658238,0.673860,1.212972,1.229710
0.900000,0.127160,0.140906,0.981823,-0.192857,0.052238,0.556422,0.703619,0.695659,1.219834,1.230660
0.910000,0.126911,0.143470,0.981484,-0.185593,0.059302,0.568654,0.749286,0.717147,1.226441,1.231512
0.920000,0.126694,0.145986,0.981140,-0.177871,0.066579,0.580950,0.795203,0.738296,1.232797,1.232245
0.930000,0.126516,0.148443,0.980795,-0.169688,0.074067,0.593309,0.841334,0.759076,1.238904,1.232840
0.940000,0.126382,0.150828,0.980448,-0.161043,0.081760,0.605728,0.887643,0.779459,1.244764,1.233285
0.950000,0.126295,0.153127,0.980103,-0.151935,0.089655,0.618204,0.934093,0.799418,1.250382,1.233568
0.960000,0.126253,0.155349,0.979759,-0.142361,0.097747,0.630735,0.980649,0.818927,1.255761,1.233678
0.970000,0.126253,0.157503,0.979415,-0.132322,0.106032,0.643318,1.027273,0.837959,1.260903,1.233624
0.980000,0.126299,0.159576,0.979073,-0.121816,0.114504,0.655952,1.073929,0.856492,1.265812,1.233414
0.990000,0.126397,0.161556,0.978736,-0.110843,0.123160,0.668633,1.120579,0.874501,1.270491,1.233059
1.000000,0.126552,0.163431,0.978404,-0.099404,0.131993,0.681361,1.167187,0.891964,1.274943,1.232576
1.010000,0.126760,0.165208,0.978079,-0.087500,0.140997,0.694132,1.213715,0.908860,1.279171,1.231981
1.020000,0.127018,0.166896,0.977759,-0.075130,0.150168,0.706944,1.260126,0.925168,1.283178,1.231299
1.030000,0.127332,0.168484,0.977446,-0.062298,0.159499,0.719794,1.306383,0.940868,1.286969,1.230552
1.040000,0.127706,0.169958,0.977141,-0.049003,0.168983,0.732682,1.352450,0.955941,1.290545,1.229762
1.050000,0.128147,0.171308,0.976848,-0.035249,0.178615,0.745605,1.398288,0.970370,1.293909,1.228952
1.060000,0.128649,0.172541,0.976565,-0.021038,0.188388,0.758560,1.443862,0.984136,1.297066,1.228149
1.070000,0.129211,0.173665,0.976292,-0.006373,0.198296,0.771545,1.489134,0.997224,1.300018,1.227362
1.080000,0.129836,0.174669,0.976029,0.008743,0.208331,0.784559,1.534068,1.009616,1.302769,1.226606
1.090000,0.130532,0.175542,0.975780,0.024307,0.218486,0.797600,1.578629,1.021299,1.305321,1.225890
1.100000,0.131303,0.176273,0.975545,0.040314,0.228754,0.810665,1.622780,1.032256,1.307677,1.225221
1.110000,0.132145,0.176869,0.975323,0.056761,0.239128,0.823753,1.666485,1.042475,1.309841,1.224606
1.120000,0.133055,0.177337,0.975114,0.073643,0.249601,0.836861,1.709711,1.051942,1.311816,1.224045
1.130000,0.134039,0.177668,0.974919,0.090954,0.260165,0.849989,1.752421,1.060643,1.313604,1.223538
1.140000,0.135103,0.177851,0.974739,0.108689,0.270812,0.863133,1.794582,1.068568,1.315210,1.223083
1.150000,0.136252,0.177878,0.974574,0.126843,0.281534,0.876292,1.836160,1.075704,1.316635,1.222674
1.160000,0.137482,0.177754,0.974424,0.145410,0.292323,0.889465,1.877121,1.082040,1.317882,1.222305
1.170000,0.138789,0.177485,0.974288,0.164384,0.303172,0.902649,1.917434,1.087567,1.318955,1.221973
1.180000,0.140179,0.177063,0.974166,0.183757,0.314072,0.915843,1.957065,1.092273,1.319857,1.221671
1.190000,0.141659,0.176480,0.974057,0.203523,0.325014,0.929046,1.995984,1.096151,1.320590,1.221394
1.200000,0.143235,0.175728,0.973963,0.223674,0.335992,0.942255,2.034160,1.099191,1.321156,1.221134
1.210000,0.144902,0.174812,0.973881,0.244203,0.346996,0.955468,2.071563,1.101386,1.321559,1.220886
1.220000,0.146656,0.173736,0.973811,0.265103,0.358017,0.968685,2.108163,1.102728,1.321801,1.220642
1.230000,0.148503,0.172494,0.973752,0.286364,0.369047,0.981904,2.143933,1.103211,1.321884,1.220397
1.240000,0.150450,0.171081,0.973702,0.307979,0.380078,0.995122,2.178845,1.102827,1.321811,1.220145
1.250000,0.152503,0.169491,0.973661,0.329938,0.391101,1.008340,2.212873,1.101573,1.321584,1.219880
1.260000,0.154657,0.167725,0.973627,0.352233,0.402107,1.021554,2.245990,1.099442,1.321205,1.219597
1.270000,0.156909,0.165788,0.973599,0.374855,0.413087,1.034763,2.278172,1.096431,1.320676,1.219292
1.280000,0.159263,0.163675,0.973574,0.397793,0.424032,1.047967,2.309396,1.092536,1.319999,1.218961
1.290000,0.161728,0.161384,0.973550,0.421039,0.434935,1.061163,2.339638,1.087755,1.319176,1.218601
1.300000,0.164310,0.158911,0.973524,0.444583,0.445785,1.074350,2.368878,1.082085,1.318208,1.218210
1.310000,0.167004,0.156255,0.973496,0.468414,0.456573,1.087526,2.397096,1.075525,1.317096,1.217787
1.320000,0.169804,0.153420,0.973462,0.492521,0.467292,1.100691,2.424272,1.068074,1.315842,1.217333
1.330000,0.172718,0.150403,0.973421,0.516896,0.477932,1.113843,2.450388,1.059733,1.314447,1.216848
1.340000,0.175751,0.147205,0.973366,0.541526,0.488484,1.126980,2.475427,1.050502,1.312911,1.216335
1.350000,0.178912,0.143825,0.973296,0.566401,0.498939,1.140100,2.499375,1.040383,1.311236,1.215798
1.360000,0.182195,0.140261,0.973207,0.591510,0.509289,1.153204,2.522217,1.029379,1.309421,1.215242
1.370000,0.185593,0.136512,0.973098,0.616841,0.519524,1.166288,2.543941,1.017493,1.307467,1.214674
1.380000,0.189115,0.132581,0.972963,0.642385,0.529636,1.179353,2.564535,1.004730,1.305374,1.214102
1.390000,0.192766,0.128471,0.972798,0.668128,0.539616,1.192395,2.583988,0.991094,1.303141,1.213537
1.400000,0.196553,0.124184,0.972597,0.694061,0.549455,1.205415,2.602293,0.976592,1.300768,1.212990
1.410000,0.200470,0.119715,0.972358,0.720171,0.559145,1.218410,2.619443,0.961230,1.298255,1.212474
1.420000,0.204512,0.115063,0.972078,0.746446,0.568677,1.231380,2.635430,0.945017,1.295601,1.212006
1.430000,0.208686,0.110233,0.971751,0.772875,0.578042,1.244322,2.650252,0.927961,1.292803,1.211603
1.440000,0.212996,0.105231,0.971370,0.799447,0.587233,1.257235,2.663904,0.910072,1.289862,1.211285
1.450000,0.217451,0.100064,0.970929,0.826150,0.596241,1.270118,2.676386,0.891362,1.286774,1.211070
1.460000,0.222043,0.094724,0.970425,0.852971,0.605058,1.282970,2.687697,0.871840,1.283539,1.210979
1.470000,0.226767,0.089207,0.969855,0.879900,0.613675,1.295789,2.697838,0.851521,1.280154,1.211034
1.480000,0.231628,0.083523,0.969212,0.906924,0.622086,1.308573,2.706813,0.830417,1.276617,1.211255
1.490000,0.236632,0.077681,0.968489,0.934032,0.630281,1.321321,2.714624,0.808544,1.272925,1.211666
1.500000,0.241785,0.071692,0.967678,0.961213,0.638254,1.334031,2.721278,0.785916,1.269076,1.212284
1.510000,0.247081,0.065546,0.966775,0.988454,0.645997,1.346702,2.726782,0.762551,1.265065,1.213134
1.520000,0.252514,0.059237,0.965778,1.015745,0.653503,1.359331,2.731142,0.738465,1.260891,1.214227
1.530000,0.258088,0.052778,0.964679,1.043073,0.660764,1.371919,2.734368,0.713676,1.256549,1.215579
1.540000,0.263807,0.046184,0.963469,1.070428,0.667774,1.384462,2.736471,0.688204,1.252037,1.217203
1.550000,0.269678,0.039466,0.962142,1.097799,0.674526,1.396959,2.737463,0.662069,1.247349,1.219111
1.560000,0.275693,0.032616,0.960692,1.125174,0.681013,1.409408,2.737354,0.635290,1.242483,1.221314
1.570000,0.281846,0.025623,0.959117,1.152543,0.687230,1.421808,2.736160,0.607890,1.237434,1.223824
1.580000,0.288142,0.018505,0.957409,1.179894,0.693169,1.434156,2.733895,0.579890,1.232199,1.226651
1.590000,0.294582,0.011281,0.955560,1.207217,0.698826,1.446451,2.730574,0.551313,1.226773,1.229805
1.600000,0.301171,0.003967,0.953562,1.234502,0.704194,1.458691,2.726213,0.522182,1.221151,1.233296
1.610000,0.307903,-0.003449,0.951412,1.261738,0.709268,1.470874,2.720829,0.492520,1.215330,1.237128
1.620000,0.314771,-0.010978,0.949104,1.288915,0.714042,1.482997,2.714440,0.462353,1.209306,1.241314
1.630000,0.321778,-0.018598,0.946632,1.316023,0.718513,1.495059,2.707063,0.431704,1.203073,1.245861
1.640000,0.328925,-0.026288,0.943990,1.343053,0.722675,1.507058,2.698719,0.400599,1.196628,1.250778
1.650000,0.336214,-0.034027,0.941171,1.369995,0.726524,1.518991,2.689425,0.369064,1.189967,1.256070
1.660000,0.343639,-0.041830,0.938170,1.396839,0.730055,1.530856,2.679201,0.337123,1.183086,1.261748
1.670000,0.351195,-0.049708,0.934982,1.423576,0.733265,1.542652,2.668067,0.304803,1.175980,1.267808
1.680000,0.358882,-0.057637,0.931602,1.450197,0.736150,1.554375,2.656043,0.272130,1.168646,1.274253
1.690000,0.366699,-0.065591,0.928025,1.476694,0.738706,1.566024,2.643149,0.239130,1.161080,1.281083
1.700000,0.374644,-0.073545,0.924247,1.503057,0.740931,1.577596,2.629406,0.205830,1.153278,1.288300
1.710000,0.382716,-0.081517,0.920263,1.529279,0.742822,1.589089,2.614833,0.172255,1.145238,1.295909
1.720000,0.390909,-0.089519,0.916066,1.555351,0.744376,1.600500,2.599451,0.138433,1.136957,1.303913
1.730000,0.399220,-0.097524,0.911654,1.581265,0.745590,1.611827,2.583280,0.104390,1.128431,1.312322
1.740000,0.407645,-0.105503,0.907025,1.607014,0.746463,1.623068,2.566340,0.070151,1.119657,1.321144
1.750000,0.416181,-0.113428,0.902179,1.632590,0.746992,1.634220,2.548651,0.035744,1.110635,1.330394
1.760000,0.424828,-0.121317,0.897108,1.657985,0.747177,1.645280,2.530232,0.001194,1.101361,1.340085
1.770000,0.433581,-0.129186,0.891806,1.683192,0.747016,1.656246,2.511102,-0.033474,1.091834,1.350239
1.780000,0.442433,-0.137002,0.886275,1.708204,0.746507,1.667116,2.491280,-0.068233,1.082054,1.360881
1.790000,0.451380,-0.144737,0.880515,1.733015,0.745651,1.677886,2.470785,-0.103059,1.072017,1.372035
1.800000,0.460416,-0.152359,0.874531,1.757618,0.744446,1.688555,2.449635,-0.137926,1.061725,1.383725
1.810000,0.469540,-0.159886,0.868313,1.782006,0.742892,1.699120,2.427847,-0.172810,1.051177,1.395976
1.820000,0.478751,-0.167336,0.861856,1.806173,0.740990,1.709578,2.405439,-0.207686,1.040373,1.408809
1.830000,0.488039,-0.174677,0.855164,1.830112,0.738739,1.719926,2.382427,-0.242532,1.029313,1.422243
1.840000,0.497396,-0.181875,0.848244,1.853819,0.736139,1.730163,2.358827,-0.277322,1.017999,1.436289
1.850000,0.506814,-0.188900,0.841104,1.877287,0.733193,1.740286,2.334656,-0.312034,1.006431,1.450952
1.860000,0.516294,-0.195770,0.833735,1.900510,0.729899,1.750291,2.309928,-0.346646,0.994611,1.466146
1.870000,0.525837,-0.202503,0.826128,1.923484,0.726260,1.760177,2.284658,-0.381135,0.982541,1.481955
1.880000,0.535431,-0.209066,0.818294,1.946202,0.722277,1.769941,2.258861,-0.415479,0.970223,1.498364
1.890000,0.545063,-0.215427,0.810245,1.968659,0.717951,1.779581,2.232549,-0.449658,0.957661,1.515326
1.900000,0.554723,-0.221555,0.801995,1.990851,0.713284,1.789094,2.205737,-0.483649,0.944857,1.532757
1.910000,0.564417,-0.227467,0.793532,2.012772,0.708279,1.798477,2.178437,-0.517433,0.931815,1.550686
1.920000,0.574145,-0.233182,0.784847,2.034418,0.702936,1.807729,2.150660,-0.550989,0.918538,1.568740
1.930000,0.583892,-0.238668,0.775956,2.055784,0.697260,1.816847,2.122420,-0.584299,0.905031,1.586668
1.940000,0.593645,-0.243895,0.766877,2.076865,0.691251,1.825829,2.093727,-0.617342,0.891298,1.604202
1.950000,0.603390,-0.248833,0.757630,2.097657,0.684914,1.834672,2.064592,-0.650102,0.877344,1.621076
1.960000,0.613134,-0.253498,0.748201,2.118155,0.678250,1.843375,2.035027,-0.682559,0.863174,1.637121
1.970000,0.622882,-0.257909,0.738580,2.138356,0.671264,1.851935,2.005040,-0.714696,0.848792,1.652031
1.980000,0.632617,-0.262037,0.728789,2.158255,0.663957,1.860350,1.974644,-0.746497,0.834204,1.665641
1.990000,0.642320,-0.265854,0.718851,2.177848,0.656335,1.868619,1.943847,-0.777943,0.819416,1.677874
2.000000,0.651976,-0.269334,0.708792,2.197130,0.648400,1.876738,1.912660,-0.809021,0.804432,1.688765
2.010000,0.661597,-0.272492,0.698597,2.216100,0.640156,1.884707,1.881091,-0.839713,0.789260,1.698180
2.020000,0.671188,-0.275344,0.688253,2.234751,0.631607,1.892523,1.849151,-0.870005,0.773903,1.706813
2.030000,0.680730,-0.277867,0.677788,2.253081,0.622757,1.900184,1.816849,-0.899882,0.758370,1.715179
2.040000,0.690204,-0.280038,0.667231,2.271087,0.613610,1.907689,1.784193,-0.929329,0.742664,1.723891
2.050000,0.699590,-0.281835,0.656614,2.288764,0.604172,1.915037,1.751194,-0.958333,0.726793,1.733626
2.060000,0.708904,-0.283271,0.645920,2.306110,0.594445,1.922225,1.717859,-0.986879,0.710764,1.745115
2.070000,0.718154,-0.284359,0.635133,2.323120,0.584436,1.929252,1.684198,-1.014953,0.694582,1.759043
2.080000,0.727320,-0.285083,0.624286,2.339792,0.574148,1.936116,1.650218,-1.042542,0.678256,1.776081
2.090000,0.736379,-0.285427,0.613415,2.356123,0.563587,1.942816,1.615929,-1.069632,0.661792,1.796838
2.100000,0.745311,-0.285376,0.602554,2.372110,0.552757,1.949351,1.581337,-1.096210,0.645198,1.821833
2.110000,0.754134,-0.284938,0.591686,2.387749,0.541664,1.955720,1.546452,-1.122262,0.628483,1.851653
2.120000,0.762860,-0.284122,0.580792,2.403038,0.530313,1.961921,1.511280,-1.147774,0.611654,1.886308
2.130000,0.771465,-0.282922,0.569910,2.417974,0.518710,1.967953,1.475828,-1.172734,0.594723,1.925857
2.140000,0.779927,-0.281330,0.559078,2.432554,0.506861,1.973815,1.440103,-1.197128,0.577697,1.970223
2.150000,0.788225,-0.279339,0.548335,2.446775,0.494770,1.979506,1.404113,-1.220942,0.560586,2.019199
2.160000,0.796378,-0.276952,0.537662,2.460635,0.482444,1.985026,1.367862,-1.244164,0.543402,2.072503
2.170000,0.804400,-0.274173,0.527038,2.474131,0.469889,1.990374,1.331358,-1.266779,0.526155,2.129662
2.180000,0.812268,-0.271006,0.516504,2.487261,0.457110,1.995549,1.294606,-1.288775,0.508855,2.190164
2.190000,0.819959,-0.267452,0.506100,2.500023,0.444115,2.000551,1.257613,-1.310140,0.491513,2.253441
2.200000,0.827452,-0.263515,0.495866,2.512413,0.430910,2.005379,1.220383,-1.330861,0.474142,2.318891
2.210000,0.834767,-0.259190,0.485783,2.524430,0.417500,2.010034,1.182922,-1.350925,0.456752,2.385808
2.220000,0.841919,-0.254478,0.475829,2.536071,0.403893,2.014514,1.145235,-1.370321,0.439355,2.453724
2.230000,0.848886,-0.249391,0.466044,2.547334,0.390096,2.018821,1.107328,-1.389037,0.421962,2.522102
2.240000,0.855646,-0.243941,0.456468,2.558216,0.376115,2.022954,1.069206,-1.407062,0.404585,2.590441
2.250000,0.862179,-0.238144,0.447141,2.568717,0.361957,2.026913,1.030875,-1.424386,0.387233,2.658284
2.260000,0.868504,-0.231986,0.438046,2.578833,0.347629,2.030699,0.992338,-1.440999,0.369919,2.725165
2.270000,0.874637,-0.225463,0.429159,2.588563,0.333139,2.034311,0.953602,-1.456891,0.352651,2.790815
2.280000,0.880557,-0.218596,0.420518,2.597905,0.318494,2.037752,0.914673,-1.472053,0.335442,2.854952
2.290000,0.886245,-0.211410,0.412160,2.606856,0.303701,2.041020,0.875555,-1.486478,0.318299,2.917345
2.300000,0.891682,-0.203929,0.404124,2.615415,0.288767,2.044118,0.836254,-1.500156,0.301232,2.977798
2.310000,0.896886,-0.196135,0.396392,2.623580,0.273700,2.047045,0.796776,-1.513082,0.284250,3.036204
2.320000,0.901872,-0.188014,0.388944,2.631350,0.258508,2.049803,0.757127,-1.525248,0.267361,3.092352
2.330000,0.906622,-0.179599,0.381811,2.638722,0.243198,2.052393,0.717313,-1.536649,0.250573,3.146107
2.340000,0.911120,-0.170925,0.375027,2.645696,0.227777,2.054815,0.677340,-1.547278,0.233893,3.197351
2.350000,0.915350,-0.162024,0.368623,2.652269,0.212255,2.057071,0.637213,-1.557133,0.217327,3.245983
2.360000,0.919326,-0.152873,0.362587,2.658440,0.196637,2.059162,0.596941,-1.566207,0.200881,3.291917
2.370000,0.923062,-0.143452,0.356900,2.664207,0.180933,2.061089,0.556529,-1.574499,0.184560,3.335069
2.380000,0.926544,-0.133802,0.351586,2.669570,0.165150,2.062853,0.515984,-1.582003,0.168370,3.375368
2.390000,0.929759,-0.123965,0.346672,2.674526,0.149295,2.064457,0.475314,-1.588720,0.152314,3.412751
2.400000,0.932695,-0.113983,0.342180,2.679076,0.133378,2.065900,0.434526,-1.594645,0.136396,3.447162
2.410000,0.935364,-0.103827,0.338104,2.683217,0.117405,2.067185,0.393627,-1.599778,0.120619,3.478549
2.420000,0.937774,-0.093471,0.334430,2.686948,0.101385,2.068313,0.352625,-1.604119,0.104986,3.506868
2.430000,0.939916,-0.082964,0.331172,2.690269,0.085325,2.069285,0.311528,-1.607667,0.089499,3.532078
2.440000,0.941783,-0.072352,0.328345,2.693178,0.069234,2.070103,0.270344,-1.610421,0.074158,3.554143
2.450000,0.943367,-0.061684,0.325966,2.695675,0.053120,2.070769,0.229081,-1.612384,0.058967,3.573033
2.460000,0.944674,-0.050927,0.324032,2.697760,0.036989,2.071283,0.187747,-1.613555,0.043924,3.588718
2.470000,0.945710,-0.040054,0.322533,2.699430,0.020851,2.071648,0.146351,-1.613937,0.029031,3.601179
2.480000,0.946470,-0.029113,0.321476,2.700686,0.004713,2.071864,0.104901,-1.613532,0.014287,3.610399
2.490000,0.946951,-0.018156,0.320863,2.701528,-0.011417,2.071934,0.063407,-1.612343,-0.000308,3.616365
2.500000,0.947153,-0.007232,0.320701,2.701954,-0.027531,2.071859,0.021877,-1.610372,-0.014753,3.619069
2.510000,0.947074,0.003688,0.320993,2.701965,-0.043622,2.071639,-0.019680,-1.607623,-0.029051,3.618506
2.520000,0.946716,0.014637,0.321736,2.701561,-0.059681,2.071278,-0.061254,-1.604100,-0.043202,3.614678
2.530000,0.946080,0.025565,0.322924,2.700740,-0.075701,2.070776,-0.102838,-1.599807,-0.057207,3.607594
2.540000,0.945167,0.036421,0.324550,2.699504,-0.091675,2.070134,-0.144420,-1.594749,-0.071067,3.597262
2.550000,0.943983,0.047155,0.326608,2.697852,-0.107594,2.069355,-0.185993,-1.588931,-0.084783,3.583699
2.560000,0.942522,0.057797,0.329109,2.695784,-0.123451,2.068439,-0.227547,-1.582360,-0.098356,3.566921
2.570000,0.940778,0.068376,0.332055,2.693301,-0.139239,2.067388,-0.269072,-1.575040,-0.111787,3.546953
2.580000,0.938760,0.078847,0.335430,2.690403,-0.154949,2.066204,-0.310560,-1.566979,-0.125078,3.523823
2.590000,0.936473,0.089163,0.339217,2.687090,-0.170576,2.064887,-0.352000,-1.558183,-0.138228,3.497561
2.600000,0.933928,0.099276,0.343398,2.683363,-0.186110,2.063440,-0.393384,-1.548659,-0.151239,3.468204
2.610000,0.931115,0.109213,0.347991,2.679223,-0.201546,2.061863,-0.434702,-1.538417,-0.164111,3.435786
2.620000,0.928024,0.119000,0.353002,2.674669,-0.216876,2.060158,-0.475945,-1.527463,-0.176845,3.400355
2.630000,0.924666,0.128598,0.358406,2.669704,-0.232093,2.058327,-0.517104,-1.515806,-0.189439,3.361958
2.640000,0.921054,0.137966,0.364178,2.664328,-0.247190,2.056370,-0.558169,-1.503456,-0.201894,3.320647
2.650000,0.917200,0.147063,0.370291,2.658541,-0.262160,2.054289,-0.599131,-1.490422,-0.214209,3.276482
2.660000,0.913094,0.155910,0.376765,2.652345,-0.276997,2.052086,-0.639981,-1.476714,-0.226384,3.229535
2.670000,0.908720,0.164528,0.383613,2.645742,-0.291692,2.049762,-0.680711,-1.462343,-0.238416,3.179873
2.680000,0.904093,0.172887,0.390802,2.638731,-0.306241,2.047318,-0.721310,-1.447319,-0.250305,3.127579
2.690000,0.899230,0.180953,0.398298,2.631316,-0.320637,2.044756,-0.761770,-1.431653,-0.262047,3.072753
2.700000,0.894148,0.188696,0.406070,2.623497,-0.334872,2.042078,-0.802082,-1.415359,-0.273642,3.015507
2.710000,0.888833,0.196127,0.414138,2.615275,-0.348942,2.039284,-0.842238,-1.398447,-0.285087,2.956039
2.720000,0.883267,0.203265,0.422520,2.606652,-0.362839,2.036377,-0.882227,-1.380931,-0.296378,2.894427
2.730000,0.877468,0.210087,0.431177,2.597631,-0.376558,2.033357,-0.922041,-1.362824,-0.307513,2.830844
2.740000,0.871456,0.216570,0.440071,2.588212,-0.390094,2.030227,-0.961672,-1.344138,-0.318488,2.765505
2.750000,0.865250,0.222693,0.449166,2.578398,-0.403439,2.026988,-1.001111,-1.324889,-0.329300,2.698675
2.760000,0.858836,0.228462,0.458483,2.568191,-0.416590,2.023642,-1.040347,-1.305089,-0.339945,2.630608
2.770000,0.852194,0.233887,0.468041,2.557592,-0.429539,2.020190,-1.079374,-1.284754,-0.350419,2.561773
2.780000,0.845344,0.238957,0.477800,2.546604,-0.442283,2.016634,-1.118181,-1.263899,-0.360719,2.492631
2.790000,0.838308,0.243659,0.487720,2.535229,-0.454816,2.012976,-1.156759,-1.242539,-0.370839,2.423693
2.800000,0.831107,0.247983,0.497761,2.523469,-0.467132,2.009218,-1.195100,-1.220688,-0.380776,2.355514
2.810000,0.823726,0.251928,0.507945,2.511328,-0.479228,2.005361,-1.233194,-1.198363,-0.390527,2.288576
2.820000,0.816146,0.255497,0.518292,2.498806,-0.491098,2.001408,-1.271031,-1.175580,-0.400088,2.223626
2.830000,0.808388,0.258690,0.528761,2.485908,-0.502738,1.997360,-1.308602,-1.152353,-0.409455,2.161301
2.840000,0.800473,0.261504,0.539313,2.472635,-0.514144,1.993219,-1.345897,-1.128698,-0.418625,2.102209
2.850000,0.792425,0.263939,0.549908,2.458991,-0.525311,1.988988,-1.382906,-1.104632,-0.427595,2.046903
2.860000,0.784229,0.265989,0.560566,2.444978,-0.536235,1.984668,-1.419619,-1.080170,-0.436362,1.995898
2.870000,0.775868,0.267651,0.571307,2.430600,-0.546913,1.980261,-1.456025,-1.055326,-0.444925,1.949509
2.880000,0.767362,0.268933,0.582092,2.415859,-0.557340,1.975770,-1.492113,-1.030117,-0.453283,1.907974
2.890000,0.758731,0.269843,0.592884,2.400759,-0.567514,1.971196,-1.527872,-1.004558,-0.461433,1.871400
2.900000,0.750000,0.270390,0.603646,2.385303,-0.577430,1.966542,-1.563291,-0.978662,-0.469376,1.839750
2.910000,0.741156,0.270563,0.614397,2.369494,-0.587086,1.961809,-1.598358,-0.952445,-0.477112,1.813042
2.920000,0.732183,0.270354,0.625153,2.353337,-0.596478,1.957000,-1.633061,-0.925921,-0.484641,1.790684
2.930000,0.723101,0.269779,0.635881,2.336834,-0.605603,1.952117,-1.667389,-0.899103,-0.491964,1.772158
2.940000,0.713929,0.268854,0.646547,2.319990,-0.614459,1.947162,-1.701329,-0.872005,-0.499082,1.756853
2.950000,0.704690,0.267596,0.657118,2.302809,-0.623043,1.942136,-1.734868,-0.844641,-0.505998,1.744089
2.960000,0.695374,0.265991,0.667610,2.285294,-0.631351,1.937043,-1.767994,-0.817023,-0.512713,1.733170
2.970000,0.685968,0.264027,0.678040,2.267450,-0.639382,1.931883,-1.800694,-0.789165,-0.519231,1.723356
2.980000,0.676489,0.261725,0.688376,2.249282,-0.647134,1.926659,-1.832955,-0.761080,-0.525553,1.713960
2.990000,0.666957,0.259109,0.698592,2.230793,-0.654603,1.921372,-1.864765,-0.732781,-0.531682,1.704361
3.000000,0.657390,0.256201,0.708660,2.211988,-0.661789,1.916026,-1.896111,-0.704280,-0.537623,1.694035
3.010000,0.647783,0.252985,0.718593,2.192872,-0.668688,1.910620,-1.926980,-0.675590,-0.543377,1.682270
3.020000,0.638124,0.249447,0.728405,2.173450,-0.675300,1.905159,-1.957358,-0.646724,-0.548948,1.669215
3.030000,0.628430,0.245613,0.738072,2.153727,-0.681622,1.899642,-1.987233,-0.617697,-0.554340,1.654837
3.040000,0.618717,0.241509,0.747571,2.133707,-0.687653,1.894072,-2.016593,-0.588519,-0.559555,1.639217
3.050000,0.609003,0.237163,0.756881,2.113397,-0.693392,1.888451,-2.045423,-0.559206,-0.564597,1.622528
3.060000,0.599283,0.232559,0.766013,2.092800,-0.698837,1.882781,-2.073712,-0.529771,-0.569471,1.605086
3.070000,0.589550,0.227679,0.774980,2.071924,-0.703987,1.877063,-2.101446,-0.500227,-0.574178,1.587062
3.080000,0.579817,0.222552,0.783762,2.050773,-0.708841,1.871298,-2.128612,-0.470589,-0.578724,1.568723
3.090000,0.570098,0.217209,0.792344,2.029354,-0.713399,1.865489,-2.155197,-0.440870,-0.583113,1.550340
3.100000,0.560409,0.211678,0.800708,2.007671,-0.717659,1.859636,-2.181187,-0.411085,-0.587348,1.532163
3.110000,0.550748,0.205943,0.808866,1.985732,-0.721620,1.853742,-2.206568,-0.381249,-0.591433,1.514568
3.120000,0.541109,0.199986,0.816827,1.963542,-0.725283,1.847808,-2.231327,-0.351375,-0.595374,1.497519
3.130000,0.531504,0.193838,0.824579,1.941108,-0.728648,1.841835,-2.255449,-0.321479,-0.599175,1.481091
3.140000,0.521944,0.187528,0.832110,1.918435,-0.731713,1.835825,-2.278921,-0.291576,-0.602842,1.465325
3.150000,0.512442,0.181088,0.839411,1.895532,-0.734479,1.829779,-2.301727,-0.261680,-0.606379,1.450226
3.160000,0.502997,0.174501,0.846489,1.872403,-0.736947,1.823698,-2.323853,-0.231808,-0.609791,1.435700
3.170000,0.493608,0.167749,0.853353,1.849057,-0.739116,1.817583,-2.345284,-0.201975,-0.613086,1.421826
3.180000,0.484283,0.160862,0.859996,1.825500,-0.740986,1.811436,-2.366005,-0.172196,-0.616268,1.408593
3.190000,0.475031,0.153870,0.866412,1.801739,-0.742560,1.805258,-2.386001,-0.142487,-0.619343,1.395983
3.200000,0.465860,0.146804,0.872596,1.777782,-0.743836,1.799050,-2.405255,-0.112865,-0.622319,1.383970
3.210000,0.456774,0.139647,0.878554,1.753637,-0.744817,1.792812,-2.423753,-0.083346,-0.625201,1.372528
3.220000,0.447771,0.132383,0.884294,1.729310,-0.745504,1.786546,-2.441478,-0.053946,-0.627995,1.361626
3.230000,0.438859,0.125040,0.889813,1.704810,-0.745897,1.780253,-2.458415,-0.024682,-0.630710,1.351233
3.240000,0.430043,0.117646,0.895111,1.680144,-0.745998,1.773932,-2.474548,0.004430,-0.633351,1.341322
3.250000,0.421329,0.110229,0.900184,1.655321,-0.745809,1.767586,-2.489861,0.033373,-0.635926,1.331864
3.260000,0.412722,0.102776,0.905040,1.630350,-0.745331,1.761214,-2.504337,0.062129,-0.638443,1.322834
3.270000,0.404222,0.095270,0.909686,1.605238,-0.744567,1.754817,-2.517961,0.090683,-0.640907,1.314215
3.280000,0.395834,0.087737,0.914121,1.579993,-0.743518,1.748396,-2.530717,0.119016,-0.643328,1.305992
3.290000,0.387560,0.080204,0.918349,1.554626,-0.742187,1.741951,-2.542590,0.147111,-0.645712,1.298154
3.300000,0.379406,0.072695,0.922370,1.529145,-0.740577,1.735482,-2.553563,0.174952,-0.648066,1.290693
3.310000,0.371376,0.065198,0.926191,1.503558,-0.738689,1.728989,-2.563621,0.202521,-0.650399,1.283601
3.320000,0.363471,0.057698,0.929817,1.477875,-0.736527,1.722474,-2.572750,0.229801,-0.652719,1.276877
3.330000,0.355695,0.050218,0.933252,1.452106,-0.734094,1.715935,-2.580935,0.256775,-0.655032,1.270519
3.340000,0.348047,0.042782,0.936500,1.426260,-0.731393,1.709373,-2.588160,0.283426,-0.657346,1.264527
3.350000,0.340531,0.035410,0.939566,1.400346,-0.728427,1.702788,-2.594414,0.309738,-0.659669,1.258900
3.360000,0.333151,0.028094,0.942455,1.374375,-0.725199,1.696180,-2.599682,0.335693,-0.662007,1.253644
3.370000,0.325910,0.020818,0.945171,1.348356,-0.721714,1.689548,-2.603951,0.361275,-0.664370,1.248749
3.380000,0.318809,0.013603,0.947721,1.322299,-0.717975,1.682892,-2.607210,0.386469,-0.666763,1.244208
3.390000,0.311846,0.006468,0.950111,1.296215,-0.713986,1.676212,-2.609448,0.411258,-0.669194,1.240017
3.400000,0.305022,-0.000568,0.952345,1.270113,-0.709751,1.669508,-2.610654,0.435626,-0.671670,1.236167
3.410000,0.298342,-0.007515,0.954429,1.244005,-0.705275,1.662779,-2.610817,0.459558,-0.674197,1.232648
3.420000,0.291810,-0.014383,0.956368,1.217900,-0.700562,1.656024,-2.609931,0.483040,-0.676783,1.229456
3.430000,0.285424,-0.021157,0.958168,1.191810,-0.695616,1.649243,-2.607986,0.506057,-0.679433,1.226581
3.440000,0.279182,-0.027822,0.959835,1.165744,-0.690442,1.642435,-2.604977,0.528594,-0.682153,1.224015
3.450000,0.273081,-0.034361,0.961377,1.139714,-0.685045,1.635600,-2.600898,0.550639,-0.684950,1.221748
3.460000,0.267127,-0.040783,0.962798,1.113730,-0.679431,1.628736,-2.595743,0.572178,-0.687829,1.219769
3.470000,0.261326,-0.047097,0.964101,1.087803,-0.673604,1.621843,-2.589511,0.593199,-0.690795,1.218067
3.480000,0.255673,-0.053291,0.965294,1.061943,-0.667569,1.614920,-2.582200,0.613690,-0.693854,1.216632
3.490000,0.250164,-0.059353,0.966383,1.036162,-0.661332,1.607965,-2.573808,0.633639,-0.697009,1.215451
3.500000,0.244796,-0.065270,0.967375,1.010470,-0.654898,1.600979,-2.564336,0.653036,-0.700266,1.214509
3.510000,0.239575,-0.071050,0.968275,0.984879,-0.648273,1.593960,-2.553787,0.671870,-0.703628,1.213796
3.520000,0.234506,-0.076698,0.969084,0.959398,-0.641462,1.586906,-2.542165,0.690133,-0.707099,1.213288
3.530000,0.229583,-0.082208,0.969811,0.934039,-0.634472,1.579817,-2.529473,0.707815,-0.710683,1.212967
3.540000,0.224803,-0.087570,0.970461,0.908812,-0.627308,1.572692,-2.515719,0.724909,-0.714382,1.212811
3.550000,0.220159,-0.092776,0.971042,0.883728,-0.619976,1.565529,-2.500911,0.741407,-0.718198,1.212800
3.560000,0.215658,-0.097829,0.971556,0.858797,-0.612482,1.558328,-2.485057,0.757302,-0.722135,1.212912
3.570000,0.211305,-0.102737,0.972006,0.834030,-0.604832,1.551086,-2.468168,0.772588,-0.726194,1.213128
3.580000,0.207094,-0.107492,0.972398,0.809437,-0.597032,1.543804,-2.450258,0.787259,-0.730377,1.213429
3.590000,0.203019,-0.112090,0.972738,0.785028,-0.589088,1.536478,-2.431338,0.801311,-0.734684,1.213796
3.600000,0.199074,-0.116527,0.973032,0.760814,-0.581008,1.529110,-2.411425,0.814740,-0.739117,1.214212
3.610000,0.195266,-0.120802,0.973282,0.736803,-0.572796,1.521696,-2.390535,0.827542,-0.743676,1.214661
3.620000,0.191598,-0.124922,0.973491,0.713006,-0.564459,1.514236,-2.368686,0.839714,-0.748362,1.215132
3.630000,0.188066,-0.128884,0.973663,0.689432,-0.556003,1.506728,-2.345896,0.851253,-0.753173,1.215612
3.640000,0.184661,-0.132684,0.973804,0.666091,-0.547436,1.499172,-2.322186,0.862157,-0.758111,1.216093
3.650000,0.181379,-0.136321,0.973919,0.642992,-0.538762,1.491566,-2.297578,0.872426,-0.763173,1.216567
3.660000,0.178223,-0.139796,0.974009,0.620142,-0.529989,1.483908,-2.272094,0.882058,-0.768360,1.217030
3.670000,0.175200,-0.143110,0.974076,0.597552,-0.521123,1.476198,-2.245758,0.891052,-0.773669,1.217475
3.680000,0.172303,-0.146264,0.974125,0.575230,-0.512170,1.468434,-2.218596,0.899409,-0.779100,1.217902
3.690000,0.169524,-0.149258,0.974158,0.553183,-0.503137,1.460616,-2.190633,0.907130,-0.784650,1.218308
3.700000,0.166857,-0.152092,0.974180,0.531420,-0.494030,1.452741,-2.161897,0.914214,-0.790317,1.218695
3.710000,0.164307,-0.154766,0.974192,0.509948,-0.484855,1.444809,-2.132415,0.920664,-0.796100,1.219064
3.720000,0.161879,-0.157279,0.974196,0.488774,-0.475619,1.436818,-2.102216,0.926480,-0.801994,1.219417
3.730000,0.159567,-0.159634,0.974195,0.467906,-0.466328,1.428769,-2.071330,0.931666,-0.807999,1.219759
3.740000,0.157362,-0.161835,0.974190,0.447349,-0.456988,1.420658,-2.039788,0.936223,-0.814111,1.220093
3.750000,0.155258,-0.163883,0.974186,0.427112,-0.447605,1.412486,-2.007620,0.940154,-0.820327,1.220425
3.760000,0.153260,-0.165776,0.974182,0.407199,-0.438186,1.404251,-1.974859,0.943462,-0.826644,1.220762
3.770000,0.151373,-0.167512,0.974180,0.387616,-0.428738,1.395953,-1.941536,0.946151,-0.833058,1.221107
3.780000,0.149590,-0.169097,0.974181,0.368370,-0.419266,1.387590,-1.907683,0.948223,-0.839565,1.221470
3.790000,0.147903,-0.170535,0.974188,0.349464,-0.409775,1.379161,-1.873336,0.949683,-0.846164,1.221854
3.800000,0.146307,-0.171830,0.974202,0.330905,-0.400274,1.370666,-1.838526,0.950535,-0.852849,1.222268
3.810000,0.144804,-0.172979,0.974223,0.312695,-0.390767,1.362104,-1.803287,0.950784,-0.859616,1.222713
3.820000,0.143402,-0.173979,0.974252,0.294840,-0.381260,1.353474,-1.767654,0.950434,-0.866463,1.223199
3.830000,0.142091,-0.174837,0.974291,0.277343,-0.371760,1.344774,-1.731661,0.949490,-0.873384,1.223730
3.840000,0.140866,-0.175557,0.974339,0.260208,-0.362272,1.336006,-1.695341,0.947958,-0.880376,1.224308
3.850000,0.139720,-0.176148,0.974397,0.243438,-0.352803,1.327167,-1.658730,0.945843,-0.887435,1.224936
3.860000,0.138656,-0.176603,0.974467,0.227034,-0.343357,1.318257,-1.621861,0.943151,-0.894556,1.225612
3.870000,0.137681,-0.176919,0.974548,0.211001,-0.333942,1.309275,-1.584769,0.939889,-0.901736,1.226332
3.880000,0.136786,-0.177103,0.974640,0.195340,-0.324561,1.300222,-1.547487,0.936064,-0.908969,1.227089
3.890000,0.135966,-0.177163,0.974744,0.180052,-0.315222,1.291096,-1.510049,0.931682,-0.916252,1.227872
3.900000,0.135213,-0.177107,0.974859,0.165139,-0.305930,1.281897,-1.472488,0.926750,-0.923579,1.228670
3.910000,0.134532,-0.176928,0.974986,0.150603,-0.296689,1.272624,-1.434838,0.921277,-0.930948,1.229472
3.920000,0.133928,-0.176622,0.975125,0.136443,-0.287506,1.263278,-1.397132,0.915272,-0.938353,1.230252
3.930000,0.133393,-0.176197,0.975275,0.122660,-0.278385,1.253857,-1.359401,0.908741,-0.945789,1.230989
3.940000,0.132922,-0.175662,0.975436,0.109255,-0.269333,1.244362,-1.321677,0.901696,-0.953253,1.231660
3.950000,0.132508,-0.175025,0.975606,0.096226,-0.260353,1.234792,-1.283991,0.894146,-0.960739,1.232243
3.960000,0.132155,-0.174280,0.975788,0.083575,-0.251451,1.225147,-1.246374,0.886101,-0.968243,1.232715
3.970000,0.131868,-0.173422,0.975979,0.071299,-0.242633,1.215427,-1.208856,0.877572,-0.975761,1.233059
3.980000,0.131640,-0.172458,0.976181,0.059397,-0.233901,1.205632,-1.171466,0.868572,-0.983288,1.233260
3.990000,0.131465,-0.171399,0.976391,0.047869,-0.225263,1.195761,-1.134232,0.859112,-0.990819,1.233306
4.000000,0.131338,-0.170254,0.976608,0.036712,-0.216721,1.185815,-1.097181,0.849207,-0.998350,1.233191
4.010000,0.131262,-0.169015,0.976834,0.025925,-0.208280,1.175794,-1.060341,0.838870,-1.005875,1.232903
4.020000,0.131240,-0.167677,0.977067,0.015504,-0.199945,1.165698,-1.023737,0.828116,-1.013390,1.232457
4.030000,0.131269,-0.166250,0.977307,0.005449,-0.191719,1.155526,-0.987394,0.816961,-1.020891,1.231861
4.040000,0.131340,-0.164742,0.977553,-0.004244,-0.183607,1.145280,-0.951336,0.805421,-1.028371,1.231130
4.050000,0.131450,-0.163163,0.977803,-0.013579,-0.175612,1.134959,-0.915586,0.793513,-1.035828,1.230280
4.060000,0.131602,-0.161506,0.978058,-0.022557,-0.167737,1.124564,-0.880166,0.781254,-1.043256,1.229333
4.070000,0.131799,-0.159766,0.978317,-0.031183,-0.159988,1.114094,-0.845097,0.768664,-1.050649,1.228309
4.080000,0.132036,-0.157951,0.978580,-0.039460,-0.152365,1.103551,-0.810400,0.755759,-1.058004,1.227230
4.090000,0.132308,-0.156071,0.978844,-0.047392,-0.144873,1.092934,-0.776094,0.742560,-1.065316,1.226119
4.100000,0.132609,-0.154135,0.979110,-0.054983,-0.137515,1.082245,-0.742197,0.729086,-1.072581,1.224997
4.110000,0.132944,-0.152137,0.979377,-0.062238,-0.130292,1.071483,-0.708727,0.715356,-1.079793,1.223888
4.120000,0.133315,-0.150071,0.979646,-0.069159,-0.123208,1.060649,-0.675700,0.701390,-1.086948,1.222802
4.130000,0.133717,-0.147946,0.979914,-0.075753,-0.116265,1.049744,-0.643133,0.687208,-1.094042,1.221752
4.140000,0.134147,-0.145771,0.980181,-0.082024,-0.109465,1.038768,-0.611040,0.672830,-1.101071,1.220745
4.150000,0.134598,-0.143555,0.980446,-0.087975,-0.102809,1.027723,-0.579436,0.658276,-1.108030,1.219791
4.160000,0.135075,-0.141293,0.980709,-0.093614,-0.096300,1.016608,-0.548332,0.643566,-1.114915,1.218892
4.170000,0.135580,-0.138977,0.980971,-0.098944,-0.089938,1.005425,-0.517743,0.628719,-1.121724,1.218051
4.180000,0.136109,-0.136617,0.981229,-0.103970,-0.083726,0.994174,-0.487678,0.613757,-1.128450,1.217268
4.190000,0.136657,-0.134222,0.981483,-0.108699,-0.077664,0.982856,-0.458148,0.598698,-1.135092,1.216541
4.200000,0.137221,-0.131801,0.981733,-0.113135,-0.071752,0.971472,-0.429163,0.583562,-1.141646,1.215866
4.210000,0.137804,-0.129347,0.981977,-0.117284,-0.065993,0.960023,-0.400731,0.568368,-1.148108,1.215238
4.220000,0.138407,-0.126856,0.982218,-0.121152,-0.060385,0.948510,-0.372860,0.553135,-1.154474,1.214654
4.230000,0.139027,-0.124335,0.982452,-0.124743,-0.054930,0.936934,-0.345558,0.537882,-1.160743,1.214111
4.240000,0.139660,-0.121792,0.982681,-0.128065,-0.049627,0.925296,-0.318830,0.522628,-1.166910,1.213603
4.250000,0.140304,-0.119236,0.982903,-0.131122,-0.044477,0.913596,-0.292681,0.507390,-1.172974,1.213127
4.260000,0.140960,-0.116662,0.983118,-0.133920,-0.039480,0.901837,-0.267117,0.492186,-1.178931,1.212677
4.270000,0.141630,-0.114065,0.983326,-0.136466,-0.034634,0.890018,-0.242140,0.477033,-1.184780,1.212249
4.280000,0.142312,-0.111451,0.983527,-0.138765,-0.029939,0.878141,-0.217755,0.461947,-1.190517,1.211839
4.290000,0.143002,-0.108829,0.983721,-0.140823,-0.025394,0.866208,-0.193962,0.446947,-1.196141,1.211444
4.300000,0.143697,-0.106206,0.983906,-0.142646,-0.021000,0.854219,-0.170764,0.432046,-1.201650,1.211058
4.310000,0.144399,-0.103577,0.984084,-0.144240,-0.016753,0.842175,-0.148161,0.417260,-1.207042,1.210681
4.320000,0.145110,-0.100938,0.984253,-0.145611,-0.012654,0.830079,-0.126152,0.402605,-1.212316,1.210307
4.330000,0.145828,-0.098296,0.984415,-0.146765,-0.008701,0.817930,-0.104739,0.388094,-1.217469,1.209935
4.340000,0.146549,-0.095657,0.984568,-0.147708,-0.004892,0.805730,-0.083918,0.373741,-1.222501,1.209563
4.350000,0.147272,-0.093028,0.984711,-0.148445,-0.001225,0.793480,-0.063688,0.359560,-1.227411,1.209189
4.360000,0.147998,-0.090406,0.984847,-0.148984,0.002300,0.781182,-0.044047,0.345562,-1.232197,1.208812
4.370000,0.148728,-0.087785,0.984974,-0.149328,0.005687,0.768836,-0.024991,0.331761,-1.236859,1.208429
4.380000,0.149461,-0.085172,0.985092,-0.149485,0.008936,0.756445,-0.006515,0.318167,-1.241395,1.208041
4.390000,0.150195,-0.082573,0.985202,-0.149460,0.012051,0.744009,0.011383,0.304791,-1.245806,1.207646
4.400000,0.150927,-0.079994,0.985303,-0.149259,0.015033,0.731529,0.028710,0.291644,-1.250092,1.207245
4.410000,0.151659,-0.077432,0.985395,-0.148888,0.017884,0.719007,0.045470,0.278735,-1.254251,1.206837
4.420000,0.152392,-0.074882,0.985479,-0.148352,0.020608,0.706445,0.061670,0.266073,-1.258284,1.206422
4.430000,0.153124,-0.072350,0.985555,-0.147656,0.023207,0.693842,0.077317,0.253666,-1.262190,1.206000
4.440000,0.153855,-0.069841,0.985622,-0.146807,0.025682,0.681201,0.092417,0.241524,-1.265971,1.205572
4.450000,0.154582,-0.067362,0.985681,-0.145810,0.028038,0.668523,0.106977,0.229652,-1.269626,1.205138
4.460000,0.155307,-0.064907,0.985732,-0.144670,0.030276,0.655809,0.121006,0.218057,-1.273155,1.204698
4.470000,0.156029,-0.062475,0.985775,-0.143391,0.032400,0.643060,0.134511,0.206746,-1.276560,1.204253
4.480000,0.156750,-0.060070,0.985810,-0.141981,0.034412,0.630278,0.147501,0.195724,-1.279841,1.203804
4.490000,0.157466,-0.057696,0.985838,-0.140443,0.036315,0.617464,0.159985,0.184995,-1.282998,1.203351
4.500000,0.158178,-0.055357,0.985858,-0.138783,0.038113,0.604619,0.171972,0.174565,-1.286034,1.202896
4.510000,0.158886,-0.053053,0.985871,-0.137005,0.039808,0.591744,0.183472,0.164437,-1.288948,1.202438
4.520000,0.159590,-0.050778,0.985877,-0.135115,0.041403,0.578840,0.194493,0.154614,-1.291741,1.201979
4.530000,0.160291,-0.048538,0.985876,-0.133117,0.042901,0.565909,0.205047,0.145098,-1.294416,1.201518
4.540000,0.160986,-0.046335,0.985868,-0.131016,0.044306,0.552952,0.215143,0.135892,-1.296973,1.201058
4.550000,0.161677,-0.044175,0.985855,-0.128816,0.045620,0.539970,0.224792,0.126997,-1.299414,1.200598
4.560000,0.162362,-0.042055,0.985835,-0.126521,0.046846,0.526964,0.234004,0.118415,-1.301740,1.200140
4.570000,0.163043,-0.039971,0.985809,-0.124137,0.047989,0.513936,0.242790,0.110145,-1.303952,1.199683
4.580000,0.163719,-0.037929,0.985778,-0.121667,0.049050,0.500886,0.251160,0.102188,-1.306053,1.199229
4.590000,0.164390,-0.035929,0.985741,-0.119115,0.050034,0.487815,0.259126,0.094544,-1.308045,1.198777
4.600000,0.165056,-0.033977,0.985699,-0.116486,0.050942,0.474725,0.266698,0.087211,-1.309928,1.198329
4.610000,0.165717,-0.032070,0.985652,-0.113782,0.051779,0.461617,0.273888,0.080188,-1.311704,1.197886
4.620000,0.166373,-0.030206,0.985600,-0.111009,0.052547,0.448491,0.280706,0.073472,-1.313377,1.197447
4.630000,0.167024,-0.028387,0.985544,-0.108169,0.053249,0.435350,0.287163,0.067063,-1.314947,1.197013
4.640000,0.167670,-0.026617,0.985484,-0.105267,0.053889,0.422193,0.293271,0.060957,-1.316417,1.196584
4.650000,0.168311,-0.024897,0.985419,-0.102305,0.054470,0.409022,0.299040,0.055151,-1.317788,1.196161
4.660000,0.168947,-0.023227,0.985351,-0.099287,0.054993,0.395837,0.304482,0.049641,-1.319063,1.195745
4.670000,0.169579,-0.021605,0.985280,-0.096217,0.055463,0.382641,0.309606,0.044424,-1.320244,1.195336
4.680000,0.170205,-0.020032,0.985205,-0.093096,0.055883,0.369433,0.314425,0.039495,-1.321333,1.194934
4.690000,0.170828,-0.018511,0.985127,-0.089929,0.056254,0.356214,0.318948,0.034850,-1.322333,1.194539
4.700000,0.171446,-0.017043,0.985046,-0.086718,0.056581,0.342986,0.323186,0.030484,-1.323245,1.194153
4.710000,0.172060,-0.015629,0.984963,-0.083466,0.056865,0.329750,0.327149,0.026392,-1.324072,1.193775
4.720000,0.172669,-0.014265,0.984877,-0.080176,0.057109,0.316505,0.330848,0.022569,-1.324816,1.193405
4.730000,0.173275,-0.012955,0.984788,-0.076850,0.057317,0.303254,0.334293,0.019008,-1.325480,1.193046
4.740000,0.173876,-0.011699,0.984698,-0.073491,0.057490,0.289996,0.337493,0.015703,-1.326065,1.192695
4.750000,0.174475,-0.010500,0.984606,-0.070101,0.057632,0.276733,0.340457,0.012649,-1.326575,1.192355
4.760000,0.175070,-0.009355,0.984512,-0.066683,0.057744,0.263465,0.343196,0.009839,-1.327011,1.192025
4.770000,0.175661,-0.008265,0.984416,-0.063238,0.057829,0.250193,0.345719,0.007266,-1.327376,1.191706
4.780000,0.176250,-0.007230,0.984319,-0.059769,0.057890,0.236917,0.348033,0.004924,-1.327672,1.191398
4.790000,0.176835,-0.006252,0.984221,-0.056278,0.057929,0.223639,0.350148,0.002805,-1.327902,1.191102
4.800000,0.177418,-0.005332,0.984121,-0.052767,0.057947,0.210360,0.352073,0.000902,-1.328068,1.190818
4.810000,0.177999,-0.004469,0.984021,-0.049237,0.057947,0.197078,0.353814,-0.000793,-1.328173,1.190547
4.820000,0.178576,-0.003662,0.983919,-0.045691,0.057932,0.183796,0.355380,-0.002286,-1.328218,1.190288
4.830000,0.179152,-0.002912,0.983817,-0.042130,0.057902,0.170514,0.356777,-0.003585,-1.328206,1.190042
4.840000,0.179725,-0.002221,0.983714,-0.038556,0.057861,0.157232,0.358014,-0.004698,-1.328140,1.189810
4.850000,0.180297,-0.001589,0.983611,-0.034970,0.057809,0.143952,0.359096,-0.005634,-1.328022,1.189592
4.860000,0.180868,-0.001015,0.983507,-0.031375,0.057749,0.130672,0.360030,-0.006398,-1.327854,1.189387
4.870000,0.181436,-0.000499,0.983403,-0.027770,0.057681,0.117395,0.360822,-0.007001,-1.327638,1.189197
4.880000,0.182003,-0.000042,0.983298,-0.024159,0.057609,0.104119,0.361477,-0.007449,-1.327378,1.189020
4.890000,0.182569,0.000355,0.983193,-0.020541,0.057533,0.090847,0.362001,-0.007751,-1.327075,1.188858
4.900000,0.183134,0.000693,0.983088,-0.016919,0.057455,0.077578,0.362398,-0.007915,-1.326731,1.188711
4.910000,0.183698,0.000971,0.982982,-0.013294,0.057375,0.064313,0.362672,-0.007949,-1.326349,1.188577
4.920000,0.184261,0.001191,0.982877,-0.009666,0.057296,0.051051,0.362829,-0.007862,-1.325932,1.188457
4.930000,0.184823,0.001350,0.982771,-0.006038,0.057218,0.037794,0.362871,-0.007660,-1.325480,1.188351
4.940000,0.185384,0.001449,0.982665,-0.002409,0.057143,0.024542,0.362801,-0.007353,-1.324998,1.188258
4.950000,0.185945,0.001488,0.982559,0.001218,0.057071,0.011294,0.362622,-0.006949,-1.324486,1.188178
4.960000,0.186505,0.001443,0.982453,0.004843,0.057004,-0.001948,0.362337,-0.006455,-1.323947,1.188110
4.970000,0.187065,0.001313,0.982347,0.008464,0.056943,-0.015185,0.361948,-0.005881,-1.323383,1.188055
4.980000,0.187624,0.001135,0.982240,0.012082,0.056887,-0.028415,0.361455,-0.005234,-1.322797,1.188010
4.990000,0.188183,0.000945,0.982134,0.015693,0.056838,-0.041640,0.360861,-0.004522,-1.322190,1.187975
5.000000,0.188742,0.000779,0.982026,0.019298,0.056797,-0.054859,0.360165,-0.003754,-1.321565,1.187950
