time,k0_0,k0_1,k0_2,k0_3,k0_4,k0_5,k0_6,k0_7,k0_8,k0_9,k0_10,k0_11,k0_12,k1_0,k1_1,k1_2,k1_3,k1_4,k1_5,k1_6,k1_7,k1_8,k1_9,k1_10,k1_11,k1_12,k2_0,k2_1,k2_2,k2_3,k2_4,k2_5,k2_6,k2_7,k2_8,k2_9,k2_10,k2_11,k2_12,k3_0,k3_1,k3_2,k3_3,k3_4,k3_5,k3_6,k3_7,k3_8,k3_9,k3_10,k3_11,k3_12,k4_0,k4_1,k4_2,k4_3,k4_4,k4_5,k4_6,k4_7,k4_8,k4_9,k4_10,k4_11,k4_12,k5_0,k5_1,k5_2,k5_3,k5_4,k5_5,k5_6,k5_7,k5_8,k5_9,k5_10,k5_11,k5_12
0.0,-2.7422245282724327,0.0,0.0,-2.992934918365663,0.0,0.0,-0.0,0.0,0.0,0.0,0.0,0.0,0.0,0.0,-2.643349286751078,0.0,0.0,-2.901696676030281,0.0,0.0,0.0,0.0,0.0,0.0,0.0,0.0,0.0,0.0,-0.9028632779951644,0.0,0.0,-1.126967559102786,0.0,0.0,0.0,0.0,0.0,0.0,0.0,0.0,0.0,0.0,0.0,0.0,0.0,8.88393470612589e-05,-0.015509637301754952,0.002613420183279976,2.0365491310692406e-05,-0.014896693606611984,0.0028251324010492643,-3.069082702672923e-06,0.0,0.0,0.0,0.0,0.0,0.0,-6.9775968060959235e-06,0.002991773222458046,-0.015738418042385106,-7.968606246829556e-05,0.00283309629878974,-0.016715243261669267,3.8106183040142042e-06,-0.0,-0.0,-0.0,-0.0,-0.0,-0.0,0.00012243328346011305,-1.820465930652122e-05,0.00023845616126797603,-0.03503420640028064,7.655260672772929e-07,-8.883210243201876e-07,-0.03162346687372067
0.05,-2.7421947355093184,0.0,0.0,-2.9929330203264324,0.0,0.0,-0.0,0.0,0.0,0.0,0.0,0.0,0.0,0.0,-2.6433195120416433,0.0,0.0,-2.901694689071787,0.0,0.0,0.0,0.0,0.0,0.0,0.0,0.0,0.0,0.0,-0.9028520298169193,0.0,0.0,-1.1269647097522448,0.0,0.0,0.0,0.0,0.0,0.0,0.0,0.0,0.0,0.0,0.0,0.0,0.0,8.639119677075973e-05,-0.015501632141030439,0.002612166101767005,2.0095524873044977e-05,-0.014896466376060133,0.002825783676011407,-6.645779613114811e-07,0.0,0.0,0.0,0.0,0.0,0.0,-8.489726567591673e-06,0.0029897323183194257,-0.015726646725272443,-7.764188759418412e-05,0.0028323201293695846,-0.016715222750415048,2.7912661588971054e-06,-0.0,-0.0,-0.0,-0.0,-0.0,-0.0,0.00011782744448913008,-2.1027280791175247e-05,0.00023210698661783026,-0.03502076024034484,8.149229249604025e-07,3.886974291422135e-08,-0.031623297711436855
0.1,-2.742161817675134,0.0,0.0,-2.9929309231949768,0.0,0.0,-0.0,0.0,0.0,0.0,0.0,0.0,0.0,0.0,-2.6432866248701963,0.0,0.0,-2.901692494409074,0.0,0.0,0.0,0.0,0.0,0.0,0.0,0.0,0.0,0.0,-0.9028395597411216,0.0,0.0,-1.126961550874942,0.0,0.0,0.0,0.0,0.0,0.0,0.0,0.0,0.0,0.0,0.0,0.0,0.0,8.404855924398388e-05,-0.01549306154679032,0.002611489292402894,1.9577664949249545e-05,-0.014896354330753588,0.00282579796606002,-6.465524160424322e-07,0.0,0.0,0.0,0.0,0.0,0.0,-8.238987580382862e-06,0.0029868435793425096,-0.015714414243233995,-7.557105864680995e-05,0.0028322565373151403,-0.01671507393050599,2.7155517843731387e-06,-0.0,-0.0,-0.0,-0.0,-0.0,-0.0,0.00011444159618760048,-2.051725275862425e-05,0.00022575248138180826,-0.035006521791720625,7.929306786298349e-07,3.6380025941145015e-08,-0.03162311855851528
0.15000000000000002,-2.7421254470123637,0.0,0.0,-2.9929286060904987,0.0,0.0,-0.0,0.0,0.0,0.0,0.0,0.0,0.0,0.0,-2.643250299923302,0.0,0.0,-2.9016900703329673,0.0,0.0,0.0,0.0,0.0,0.0,0.0,0.0,0.0,0.0,-0.9028257350516452,0.0,0.0,-1.126958048851753,0.0,0.0,0.0,0.0,0.0,0.0,0.0,0.0,0.0,0.0,0.0,0.0,0.0,8.176770267152766e-05,-0.015484037153962788,0.002610668201514435,1.9073023740185404e-05,-0.014896236938251579,0.0028258088296463854,-6.295369074397671e-07,0.0,0.0,0.0,0.0,0.0,0.0,-7.99500428417096e-06,0.002983903017067167,-0.0157015549037201,-7.355500536209927e-05,0.0028321941712332824,-0.016714916970388943,2.641798609129619e-06,-0.0,-0.0,-0.0,-0.0,-0.0,-0.0,0.00011115335607033377,-2.001836531839362e-05,0.00021956597545500222,-0.03499144465437275,7.714176897546105e-07,3.375333816526248e-08,-0.03162292892617202
0.2,-2.7420852613976776,0.0,0.0,-2.9929260459428244,0.0,0.0,-0.0,0.0,0.0,0.0,0.0,0.0,0.0,0.0,-2.6432101778955364,0.0,0.0,-2.9016873928659046,0.0,0.0,0.0,0.0,0.0,0.0,0.0,0.0,0.0,0.0,-0.9028104086219044,0.0,0.0,-1.1269541664131715,0.0,0.0,0.0,0.0,0.0,0.0,0.0,0.0,0.0,0.0,0.0,0.0,0.0,7.954713513694194e-05,-0.015474534160435528,0.0026096978090269776,1.858131175935756e-05,-0.014896113693839344,0.0028258172240857873,-6.129538172304674e-07,0.0,0.0,0.0,0.0,0.0,0.0,-7.758062184791285e-06,0.0029809061132699123,-0.015688038787840475,-7.159224676948649e-05,0.0028321318274070278,-0.016714751689409703,2.569989132243944e-06,-0.0,-0.0,-0.0,-0.0,-0.0,-0.0,0.00010795819581090028,-1.9531250856687738e-05,0.00021354268986543428,-0.03497548031284354,7.504796527115538e-07,3.119245038596651e-08,-0.03162272820425143
0.25,-2.742040860740684,0.0,0.0,-2.992923217262969,0.0,0.0,-0.0,0.0,0.0,0.0,0.0,0.0,0.0,0.0,-2.6431658619397878,0.0,0.0,-2.901684435525051,0.0,0.0,0.0,0.0,0.0,0.0,0.0,0.0,0.0,0.0,-0.902793417351183,0.0,0.0,-1.1269498622432104,0.0,0.0,0.0,0.0,0.0,0.0,0.0,0.0,0.0,0.0,0.0,0.0,0.0,7.738522437367791e-05,-0.015464526239662185,0.0026085739431835715,1.8102188049013397e-05,-0.014895984263936955,0.0028258231153480595,-5.967918439353092e-07,0.0,0.0,0.0,0.0,0.0,0.0,-7.527956004468396e-06,0.002977846869300119,-0.01567383478615732,-6.968133524214432e-05,0.0028320694086433036,-0.01671457770151878,2.500071253039917e-06,-0.0,-0.0,-0.0,-0.0,-0.0,-0.0,0.00010485343853986911,-1.9055630966956448e-05,0.00020767825321806697,-0.03495857745812309,7.301009123686667e-07,2.8695926259939083e-08,-0.03162251574774151
0.30000000000000004,-2.741991803005795,0.0,0.0,-2.9929200918897023,0.0,0.0,-0.0,0.0,0.0,0.0,0.0,0.0,0.0,0.0,-2.643116913747337,0.0,0.0,-2.901681169060706,0.0,0.0,0.0,0.0,0.0,0.0,0.0,0.0,0.0,0.0,-0.9027745804315177,0.0,0.0,-1.1269450905403817,0.0,0.0,0.0,0.0,0.0,0.0,0.0,0.0,0.0,0.0,0.0,0.0,0.0,7.528038124232263e-05,-0.015453985683203515,0.0026072921557191682,1.7635318971565872e-05,-0.014895848297932628,0.002825826464824107,-5.810399929566327e-07,0.0,0.0,0.0,0.0,0.0,0.0,-7.304486226260209e-06,0.0029747190498081873,-0.015658910323979314,-6.78208619235656e-05,0.002832006816089434,-0.01671439460215024,2.4319941548428168e-06,-0.0,-0.0,-0.0,-0.0,-0.0,-0.0,0.00010183648479207307,-1.859122920072721e-05,0.0002019684161820302,-0.03494068184190024,7.10266255589726e-07,2.6262461446679597e-08,-0.03162229087487605
0.35000000000000003,-2.741937599817801,0.0,0.0,-2.992916638709583,0.0,0.0,-0.0,0.0,0.0,0.0,0.0,0.0,0.0,0.0,-2.6430628492192225,0.0,0.0,-2.9016775611674532,0.0,0.0,0.0,0.0,0.0,0.0,0.0,0.0,0.0,0.0,-0.9027536974268483,0.0,0.0,-1.1269398005311293,0.0,0.0,0.0,0.0,0.0,0.0,0.0,0.0,0.0,0.0,0.0,0.0,0.0,7.323105853557894e-05,-0.015442883324067068,0.002605847754841787,1.7180383260712105e-05,-0.014895705429266156,0.002825827218969754,-5.656930510912546e-07,0.0,0.0,0.0,0.0,0.0,0.0,-7.087458676228089e-06,0.002971516123421052,-0.01564323130851856,-6.60094491272199e-05,0.0028319439605839804,-0.016714201965511103,2.3657023404480814e-06,-0.0,-0.0,-0.0,-0.0,-0.0,-0.0,9.890480965722291e-05,-1.8137735388592055e-05,0.00019640908335659036,-0.03492173611573052,6.909579273505491e-07,2.3889435265117593e-08,-0.03162205286511512
0.4,-2.7418777116077684,0.0,0.0,-2.9929128233477225,0.0,0.0,-0.0,0.0,0.0,0.0,0.0,0.0,0.0,0.0,-2.643003133686365,0.0,0.0,-2.9016735761651673,0.0,0.0,0.0,0.0,0.0,0.0,0.0,0.0,0.0,0.0,-0.9027305461441492,0.0,0.0,-1.1269339359305632,0.0,0.0,0.0,0.0,0.0,0.0,0.0,0.0,0.0,0.0,0.0,0.0,0.0,7.123576249492593e-05,-0.015431188508158134,0.0026042355500053094,1.6737053912259977e-05,-0.014895555266590076,0.0028258253507550406,-5.507284961641521e-07,0.0,0.0,0.0,0.0,0.0,0.0,-6.876698552268527e-06,0.0029682315096851057,-0.015626762018486784,-6.424577657950363e-05,0.0028318807155570903,-0.016713999351692366,2.301156938804743e-06,-0.0,-0.0,-0.0,-0.0,-0.0,-0.0,9.605592014528011e-05,-1.7695030367009372e-05,0.00019099611347342,-0.03490167966309466,6.721653345991058e-07,2.1578043893280874e-08,-0.03162180095702296
0.45,-2.7418115422512637,0.0,0.0,-2.9929086078261853,0.0,0.0,-0.0,0.0,0.0,0.0,0.0,0.0,0.0,0.0,-2.6429371766316083,0.0,0.0,-2.9016691746468113,0.0,0.0,0.0,0.0,0.0,0.0,0.0,0.0,0.0,0.0,-0.9027048802741071,0.0,0.0,-1.1269274343448268,0.0,0.0,0.0,0.0,0.0,0.0,0.0,0.0,0.0,0.0,0.0,0.0,0.0,6.929300551227633e-05,-0.015418868931557575,0.002602450320332327,1.6305058047504687e-05,-0.014895397397794066,0.0028258208337779657,-5.36125505881161e-07,0.0,0.0,0.0,0.0,0.0,0.0,-6.671996042268611e-06,0.0029648580388046647,-0.015609465131912517,-6.252850882162079e-05,0.002831816946186041,-0.016713786300968144,2.238324170591173e-06,-0.0,-0.0,-0.0,-0.0,-0.0,-0.0,9.328751296204506e-05,-1.7262778566843847e-05,0.00018572563712768105,-0.03488044842051663,6.53883606115176e-07,1.933215014511723e-08,-0.031621534346043915
0.5,-2.7417384331460677,0.0,0.0,-2.9929039501867023,0.0,0.0,-0.0,0.0,0.0,0.0,0.0,0.0,0.0,0.0,-2.6428643258619284,0.0,0.0,-2.901664313089529,0.0,0.0,0.0,0.0,0.0,0.0,0.0,0.0,0.0,0.0,-0.9026764267764948,0.0,0.0,-1.12692022660879,0.0,0.0,0.0,0.0,0.0,0.0,0.0,0.0,0.0,0.0,0.0,0.0,0.0,6.740135951756692e-05,-0.015405890633919185,0.0026004864435485967,1.5884053994733153e-05,-0.014895231412567355,0.0028258135179022883,-5.219232674016893e-07,0.0,0.0,0.0,0.0,0.0,0.0,-6.473174077271916e-06,0.0029613883656567216,-0.015591301588916959,-6.085640507721072e-05,0.0028317526484692716,-0.016713562309330455,2.1771169264221448e-06,-0.0,-0.0,-0.0,-0.0,-0.0,-0.0,9.05972675912166e-05,-1.6840640751356804e-05,0.0001805939177670724,-0.034857974692940503,6.360736866247411e-07,1.7134174313811866e-08,-0.03162125218216654
0.55,-2.7416576566709407,0.0,0.0,-2.992898804073932,0.0,0.0,-0.0,0.0,0.0,0.0,0.0,0.0,0.0,0.0,-2.642783861073768,0.0,0.0,-2.901658943425231,0.0,0.0,0.0,0.0,0.0,0.0,0.0,0.0,0.0,0.0,-0.9026448829827464,0.0,0.0,-1.1269122360521215,0.0,0.0,0.0,0.0,0.0,0.0,0.0,0.0,0.0,0.0,0.0,0.0,0.0,6.555945674594158e-05,-0.01539221791646409,0.0025983378401578812,1.5473765395534163e-05,-0.014895056845362019,0.002825803424073416,-5.080690517031549e-07,0.0,0.0,0.0,0.0,0.0,0.0,-6.280087659846965e-06,0.002957814952099362,-0.015572230515250692,-5.922821918456929e-05,0.0028316876177180922,-0.0167133268837079,2.1175251220972846e-06,-0.0,-0.0,-0.0,-0.0,-0.0,-0.0,8.798284777909738e-05,-1.642846627857391e-05,0.0001755971714472303,-0.03483418695941205,6.187426951606061e-07,1.4996938004740584e-08,-0.03162095356747967
0.6000000000000001,-2.741568408961074,0.0,0.0,-2.9928931182752048,0.0,0.0,-0.0,0.0,0.0,0.0,0.0,0.0,0.0,0.0,-2.642694986748594,0.0,0.0,-2.9016530125665074,0.0,0.0,0.0,0.0,0.0,0.0,0.0,0.0,0.0,0.0,-0.9026099133852877,0.0,0.0,-1.1269033776860096,0.0,0.0,0.0,0.0,0.0,0.0,0.0,0.0,0.0,0.0,0.0,0.0,0.0,6.376593456590315e-05,-0.015377813218568405,0.002595998200318887,1.5073904658606628e-05,-0.014894873227461126,0.002825790464473045,-4.945659262863344e-07,0.0,0.0,0.0,0.0,0.0,0.0,-6.09255716699907e-06,0.0029541298169529356,-0.015552209197228724,-5.764274791618787e-05,0.0028316217625694133,-0.01671307948790882,2.0594940442468046e-06,-0.0,-0.0,-0.0,-0.0,-0.0,-0.0,8.544210492282463e-05,-1.602598731457435e-05,0.00017073181412773707,-0.03480900966744919,6.018713061323943e-07,1.2915679837045924e-08,-0.03162063755360563
0.65,-2.7414698019291524,0.0,0.0,-2.9928868362121968,0.0,0.0,-0.0,0.0,0.0,0.0,0.0,0.0,0.0,0.0,-2.6425968243092735,0.0,0.0,-2.901646461883186,0.0,0.0,0.0,0.0,0.0,0.0,0.0,0.0,0.0,0.0,-0.9025711460799618,0.0,0.0,-1.126893557302026,0.0,0.0,0.0,0.0,0.0,0.0,0.0,0.0,0.0,0.0,0.0,0.0,0.0,6.201947826636319e-05,-0.01536263705206301,0.0025934608476024293,1.4684192534833465e-05,-0.014894680061784174,0.0028257745692609306,-4.814049537967848e-07,0.0,0.0,0.0,0.0,0.0,0.0,-5.910421651484841e-06,0.002950324653853933,-0.015531192985507312,-5.609881912157247e-05,0.002831554962288355,-0.01671281956583715,2.0029809890309e-06,-0.0,-0.0,-0.0,-0.0,-0.0,-0.0,8.297291178638979e-05,-1.563296567102901e-05,0.00016599434017487154,-0.034782363020286595,5.854466233952844e-07,1.0889467405424908e-08,-0.0316203031390199
0.7000000000000001,-2.7413608544536894,0.0,0.0,-2.9928798953795592,0.0,0.0,-0.0,0.0,0.0,0.0,0.0,0.0,0.0,0.0,-2.6424884034607965,0.0,0.0,-2.9016392266244804,0.0,0.0,0.0,0.0,0.0,0.0,0.0,0.0,0.0,0.0,-0.9025281688242893,0.0,0.0,-1.1268826704736874,0.0,0.0,0.0,0.0,0.0,0.0,0.0,0.0,0.0,0.0,0.0,0.0,0.0,6.031880815060813e-05,-0.015346647878979281,0.0025907188992182997,1.4304357764075042e-05,-0.01489447683346309,0.0028257556248011714,-4.685771150779925e-07,0.0,0.0,0.0,0.0,0.0,0.0,-5.733524408830576e-06,0.0029463906282008213,-0.015509135254154803,-5.459528770130931e-05,0.002831487135843385,-0.016712546528853334,1.9479457029263356e-06,-0.0,-0.0,-0.0,-0.0,-0.0,-0.0,8.057320117062918e-05,-1.5249173355984318e-05,0.00016138132144268336,-0.03475416275318603,5.69456570619603e-07,8.917283490157379e-09,-0.03161994926624436
0.75,-2.7412404826481884,0.0,0.0,-2.992872226724986,0.0,0.0,-0.0,0.0,0.0,0.0,0.0,0.0,0.0,0.0,-2.64236865263102,0.0,0.0,-2.9016312352810636,0.0,0.0,0.0,0.0,0.0,0.0,0.0,0.0,0.0,0.0,-0.9024805246703761,0.0,0.0,-1.1268706014502883,0.0,0.0,0.0,0.0,0.0,0.0,0.0,0.0,0.0,0.0,0.0,0.0,0.0,5.866267805106919e-05,-0.015329802162046373,0.002587764439153556,1.3934135153931638e-05,-0.014894262982027635,0.0028257336130148906,-4.5607249850291114e-07,0.0,0.0,0.0,0.0,0.0,0.0,-5.561715605158746e-06,0.002942319227732062,-0.015485987168590775,-5.313104653537951e-05,0.002831418084252266,-0.01671225978133913,1.894366222972762e-06,-0.0,-0.0,-0.0,-0.0,-0.0,-0.0,7.824082071985603e-05,-1.4874429603385096e-05,0.0001568893160330117,-0.034724319900381016,5.538956071840257e-07,6.996736920725932e-09,-0.03161957481891395
0.8,-2.7411074891158935,0.0,0.0,-2.9928637539646434,0.0,0.0,-0.0,0.0,0.0,0.0,0.0,0.0,0.0,0.0,-2.6422363884185156,0.0,0.0,-2.9016224088808955,0.0,0.0,0.0,0.0,0.0,0.0,0.0,0.0,0.0,0.0,-0.9024277071269089,0.0,0.0,-1.126857221931465,0.0,0.0,0.0,0.0,0.0,0.0,0.0,0.0,0.0,0.0,0.0,0.0,0.0,5.70498471325487e-05,-0.015312053993327013,0.002584589986128153,1.3573269195897234e-05,-0.01489403791263916,0.00282570854680943,-4.4387896451750614e-07,0.0,0.0,0.0,0.0,0.0,0.0,-5.394834506377003e-06,0.00293810061015809,-0.015461697893420966,-5.170497655188057e-05,0.002831347563943413,-0.016711958707508492,1.8422021915103781e-06,-0.0,-0.0,-0.0,-0.0,-0.0,-0.0,7.597406288601859e-05,-1.4508503843896535e-05,0.00015251514243611397,-0.034692740548933315,5.387526704255055e-07,5.130093997046518e-09,-0.031619178618716735
0.8500000000000001,-2.7409605510851165,0.0,0.0,-2.992854392827315,0.0,0.0,-0.0,0.0,0.0,0.0,0.0,0.0,0.0,0.0,-2.642090303945147,0.0,0.0,-2.901612660211958,0.0,0.0,0.0,0.0,0.0,0.0,0.0,0.0,0.0,0.0,-0.9023691547999154,0.0,0.0,-1.1268423897097612,0.0,0.0,0.0,0.0,0.0,0.0,0.0,0.0,0.0,0.0,0.0,0.0,0.0,5.5479133160275004e-05,-0.015293355196411824,0.0025811874737652674,1.322151155961246e-05,-0.01489380107610512,0.0028256800411607607,-4.319889286431472e-07,0.0,0.0,0.0,0.0,0.0,0.0,-5.232731725156528e-06,0.0029337247997723334,-0.015436214319543262,-5.0316057776268e-05,0.0028312757673166606,-0.01671164258890263,1.7913695696391498e-06,-0.0,-0.0,-0.0,-0.0,-0.0,-0.0,7.377105830935467e-05,-1.4151171154636942e-05,0.00014825572933984817,-0.034659325586278496,5.23999150403966e-07,3.3184750976364046e-09,-0.031618759422201166
0.9,-2.740798207309397,0.0,0.0,-2.9928440502198135,0.0,0.0,-0.0,0.0,0.0,0.0,0.0,0.0,0.0,0.0,-2.6419289560005845,0.0,0.0,-2.9016018929643552,0.0,0.0,0.0,0.0,0.0,0.0,0.0,0.0,0.0,0.0,-0.9023042454566537,0.0,0.0,-1.1268259471671007,0.0,0.0,0.0,0.0,0.0,0.0,0.0,0.0,0.0,0.0,0.0,0.0,0.0,5.3949401821387e-05,-0.015273655240535018,0.0025775479965044336,1.287861098605785e-05,-0.014893551791492522,0.002825648240036023,-4.2040093529389665e-07,0.0,0.0,0.0,0.0,0.0,0.0,-5.0752725917388835e-06,0.002929181782586298,-0.015409480939376365,-4.896324258700917e-05,0.0028312022811632525,-0.01671131077963334,1.7418705324430853e-06,-0.0,-0.0,-0.0,-0.0,-0.0,-0.0,7.162971113692958e-05,-1.3802208089421016e-05,0.00014410797077304047,-0.03462397043543201,5.096373392615462e-07,1.5568324040880602e-09,-0.03161831591744494
0.9500000000000001,-2.7406188436050765,0.0,0.0,-2.9928326233056284,0.0,0.0,-0.0,0.0,0.0,0.0,0.0,0.0,0.0,0.0,-2.6417507508546327,0.0,0.0,-2.9015900007835445,0.0,0.0,0.0,0.0,0.0,0.0,0.0,0.0,0.0,0.0,-0.9022322894511992,0.0,0.0,-1.126807719609621,0.0,0.0,0.0,0.0,0.0,0.0,0.0,0.0,0.0,0.0,0.0,0.0,0.0,5.24595304703518e-05,-0.015252900989602953,0.0025736626485060687,1.2544331554889365e-05,-0.014893289405493034,0.0028256129702473503,-4.091143996673507e-07,0.0,0.0,0.0,0.0,0.0,0.0,-4.922322630493205e-06,0.0029244606297315354,-0.015381439929494152,-4.7645544776116764e-05,0.0028311270368570904,-0.01671096254456678,1.6936647731432508e-06,-0.0,-0.0,-0.0,-0.0,-0.0,-0.0,6.954836199210505e-05,-1.3461377455486645e-05,0.00014006885352612375,-0.034586564776943045,4.956535850956772e-07,-1.584806156823866e-10,-0.03161784672059158
1.0,-2.7404206768858406,0.0,0.0,-2.992819998487785,0.0,0.0,-0.0,0.0,0.0,0.0,0.0,0.0,0.0,0.0,-2.641553928600605,0.0,0.0,-2.901576866225504,0.0,0.0,0.0,0.0,0.0,0.0,0.0,0.0,0.0,0.0,-0.9021525224439207,0.0,0.0,-1.126787513423706,0.0,0.0,0.0,0.0,0.0,0.0,0.0,0.0,0.0,0.0,0.0,0.0,0.0,5.100841913114036e-05,-0.015231036703270844,0.0025695218943422764,1.2218419703250323e-05,-0.014893013221954063,0.0028255741048331226,-3.980993349473263e-07,0.0,0.0,0.0,0.0,0.0,0.0,-4.773760728952699e-06,0.0029195501475357973,-0.015352030951426327,-4.636195060202194e-05,0.002831049901604339,-0.016710597127408213,1.6467118005899687e-06,-0.0,-0.0,-0.0,-0.0,-0.0,-0.0,6.752522621245796e-05,-1.3128612872545828e-05,0.00013613554914873428,-0.03454699226273788,4.820379122487323e-07,-1.8180080751426715e-09,-0.0316173503722505
1.05,-2.7402017375397274,0.0,0.0,-2.9928060502861187,0.0,0.0,-0.0,0.0,0.0,0.0,0.0,0.0,0.0,0.0,-2.6413365458793865,0.0,0.0,-2.9015623596038673,0.0,0.0,0.0,0.0,0.0,0.0,0.0,0.0,0.0,0.0,-0.9020640973399954,0.0,0.0,-1.1267651140342798,0.0,0.0,0.0,0.0,0.0,0.0,0.0,0.0,0.0,0.0,0.0,0.0,0.0,4.9595017026322384e-05,-0.01520800384939816,0.0025651159359061718,1.1900706011500304e-05,-0.014892722505391982,0.002825531537042085,-3.873364748815001e-07,0.0,0.0,0.0,0.0,0.0,0.0,-4.629431590838708e-06,0.002914438419312477,-0.015321191142306456,-4.511157160532406e-05,0.0028309707073756723,-0.016710213744769532,1.6009507547144495e-06,-0.0,-0.0,-0.0,-0.0,-0.0,-0.0,6.555859759343994e-05,-1.2803629427509602e-05,0.0001323052282755796,-0.034505130218366,4.6877487934127317e-07,-3.4178366571750528e-09,-0.03161682533375792
1.1,-2.7399598499785127,0.0,0.0,-2.9927906400981152,0.0,0.0,-0.0,0.0,0.0,0.0,0.0,0.0,0.0,0.0,-2.6410964568187034,0.0,0.0,-2.901546337717938,0.0,0.0,0.0,0.0,0.0,0.0,0.0,0.0,0.0,0.0,-0.9019660753644375,0.0,0.0,-1.1267402836444722,0.0,0.0,0.0,0.0,0.0,0.0,0.0,0.0,0.0,0.0,0.0,0.0,0.0,4.8218289603154796e-05,-0.015183741152527318,0.00256043379682201,1.1590890368504876e-05,-0.014892416477098954,0.0028254851921466224,-3.768928032001094e-07,0.0,0.0,0.0,0.0,0.0,0.0,-4.489221352940159e-06,0.0029091137709673317,-0.015288854860856283,-4.3893408567530524e-05,0.002830889236350886,-0.0167098115874109,1.556417170755627e-06,-0.0,-0.0,-0.0,-0.0,-0.0,-0.0,6.364670918062454e-05,-1.2486155143179652e-05,0.0001285751024710353,-0.034460849333853266,4.558646273286846e-07,-4.9882941562489236e-09,-0.03161626998329402
1.1500000000000001,-2.7396926111724116,0.0,0.0,-2.992773614831405,0.0,0.0,-0.0,0.0,0.0,0.0,0.0,0.0,0.0,0.0,-2.6408312920056933,0.0,0.0,-2.901528642449464,0.0,0.0,0.0,0.0,0.0,0.0,0.0,0.0,0.0,0.0,-0.9018574161826723,0.0,0.0,-1.126712758733655,0.0,0.0,0.0,0.0,0.0,0.0,0.0,0.0,0.0,0.0,0.0,0.0,0.0,4.687722601841352e-05,-0.015158184153712843,0.0025554650281617588,1.1288805469827505e-05,-0.014892094308277672,0.0028254350569783316,-3.666786889612626e-07,0.0,0.0,0.0,0.0,0.0,0.0,-4.353026976911434e-06,0.002903562839386726,-0.01525495393451608,-4.2706610490670184e-05,0.002830805188788856,-0.016709389824887146,1.513006102993103e-06,-0.0,-0.0,-0.0,-0.0,-0.0,-0.0,6.178826088173703e-05,-1.2176114292640287e-05,0.00012494253411124128,-0.03441401334245718,4.432862273210128e-07,-6.49642030166128e-09,-0.0316156826118804
1.2000000000000002,-2.739397366964384,0.0,0.0,-2.9927548053947843,0.0,0.0,-0.0,0.0,0.0,0.0,0.0,0.0,0.0,0.0,-2.640538435292861,0.0,0.0,-2.9015090992148265,0.0,0.0,0.0,0.0,0.0,0.0,0.0,0.0,0.0,0.0,-0.9017369669664587,0.0,0.0,-1.1266822472885023,0.0,0.0,0.0,0.0,0.0,0.0,0.0,0.0,0.0,0.0,0.0,0.0,0.0,4.5570848435570056e-05,-0.015131265349540986,0.0025501984004698873,1.0994215378713962e-05,-0.014891755222270256,0.002825380632374491,-3.567369128817327e-07,0.0,0.0,0.0,0.0,0.0,0.0,-4.220716152208622e-06,0.0028977721068879597,-0.015219417330060318,-4.155025631180295e-05,0.0028307187964702997,-0.016708947500456366,1.47075198080179e-06,-0.0,-0.0,-0.0,-0.0,-0.0,-0.0,5.9981700590995455e-05,-1.1873262447297464e-05,0.00012140483201143537,-0.0343644786920684,4.310453106305302e-07,-7.964066579972927e-09,-0.031615061419222185
1.25,-2.73907118593807,0.0,0.0,-2.9927340250333914,0.0,0.0,-0.0,0.0,0.0,0.0,0.0,0.0,0.0,0.0,-2.6402149982179064,0.0,0.0,-2.901487515258,0.0,0.0,0.0,0.0,0.0,0.0,0.0,0.0,0.0,0.0,-0.9016034502948926,0.0,0.0,-1.1266484257391978,0.0,0.0,0.0,0.0,0.0,0.0,0.0,0.0,0.0,0.0,0.0,0.0,0.0,4.429818503584527e-05,-0.015102914071133197,0.0025446216950568393,1.0706921285331081e-05,-0.014891398273094977,0.002825322090947631,-3.4703583925349887e-07,0.0,0.0,0.0,0.0,0.0,0.0,-4.092179367210365e-06,0.002891727902379384,-0.015182171035796135,-4.042349818282517e-05,0.002830629521927065,-0.01670848375018643,1.4295797643990064e-06,-0.0,-0.0,-0.0,-0.0,-0.0,-0.0,5.822519904119056e-05,-1.1577449795606607e-05,0.00011795952362463097,-0.034312094203177865,4.1912085980621846e-07,-9.379736804210434e-09,-0.03161440450943731
1.3,-2.7387108305911534,0.0,0.0,-2.992711067492228,0.0,0.0,-0.0,0.0,0.0,0.0,0.0,0.0,0.0,0.0,-2.6398577917963775,0.0,0.0,-2.901463677768184,0.0,0.0,0.0,0.0,0.0,0.0,0.0,0.0,0.0,0.0,-0.9014554507692272,0.0,0.0,-1.1266109355701315,0.0,0.0,0.0,0.0,0.0,0.0,0.0,0.0,0.0,0.0,0.0,0.0,0.0,4.3058311025860564e-05,-0.01507305620891801,0.0025387225909976356,1.0426720715448233e-05,-0.014891022548430164,0.002825259199967737,-3.375763184747367e-07,0.0,0.0,0.0,0.0,0.0,0.0,-3.967301967969599e-06,0.0028854154908470393,-0.01514313815503343,-3.932549656976846e-05,0.0028305372678798435,-0.016707997597259452,1.389471596291972e-06,-0.0,-0.0,-0.0,-0.0,-0.0,-0.0,5.651744012098231e-05,-1.12884934667391e-05,0.00011460413110455892,-0.0342567007170798,4.0750698436182716e-07,-1.0747077055076701e-08,-0.03161370988664907
1.35,-2.738312725541753,0.0,0.0,-2.9926857049906395,0.0,0.0,-0.0,0.0,0.0,0.0,0.0,0.0,0.0,0.0,-2.63946329542289,0.0,0.0,-2.9014373518044865,0.0,0.0,0.0,0.0,0.0,0.0,0.0,0.0,0.0,0.0,-0.9012914002083047,0.0,0.0,-1.1265693795714447,0.0,0.0,0.0,0.0,0.0,0.0,0.0,0.0,0.0,0.0,0.0,0.0,0.0,4.185031947541121e-05,-0.015041614176281044,0.002532488139797217,1.0153416395327477e-05,-0.014890627075918487,0.002825191806082424,-3.2835197770623174e-07,0.0,0.0,0.0,0.0,0.0,0.0,-3.845975741128869e-06,0.0028788195966956164,-0.015102238730643288,-3.825543392530936e-05,0.0028304418323547324,-0.016707488043169166,1.3503982694526967e-06,-0.0,-0.0,-0.0,-0.0,-0.0,-0.0,5.48569945895883e-05,-1.1006221258342959e-05,0.00011133625420578752,-0.03419813073597193,3.9619487866740136e-07,-1.2066245474591582e-08,-0.03161297545046303
1.4000000000000001,-2.7378729224691556,0.0,0.0,-2.9926576859887573,0.0,0.0,-0.0,0.0,0.0,0.0,0.0,0.0,0.0,0.0,-2.6390276225911506,0.0,0.0,-2.9014082780083177,0.0,0.0,0.0,0.0,0.0,0.0,0.0,0.0,0.0,0.0,-0.9011095612784056,0.0,0.0,-1.1265233176944796,0.0,0.0,0.0,0.0,0.0,0.0,0.0,0.0,0.0,0.0,0.0,0.0,0.0,4.0673327259090244e-05,-0.015008506762251394,0.0025259048477581088,9.886815882321029e-06,-0.014890210837745634,0.0028251197498534936,-3.1935655814217096e-07,0.0,0.0,0.0,0.0,0.0,0.0,-3.7280956091867047e-06,0.002871924272136982,-0.015059389688511532,-3.721251327949099e-05,0.002830343004154056,-0.016706954050571488,1.312332001281706e-06,-0.0,-0.0,-0.0,-0.0,-0.0,-0.0,5.324247229984927e-05,-1.073046574650921e-05,0.00010815355387752159,-0.03413620805313351,3.8517620731654025e-07,-1.3337395939567946e-08,-0.031612198991331886
1.4500000000000002,-2.7373870614616154,0.0,0.0,-2.992626732725054,0.0,0.0,-0.0,0.0,0.0,0.0,0.0,0.0,0.0,0.0,-2.6385464831155914,0.0,0.0,-2.901376170082319,0.0,0.0,0.0,0.0,0.0,0.0,0.0,0.0,0.0,0.0,-0.9009080093973156,0.0,0.0,-1.1264722624707169,0.0,0.0,0.0,0.0,0.0,0.0,0.0,0.0,0.0,0.0,0.0,0.0,0.0,3.9526473750262585e-05,-0.014973649000459659,0.0025189586703889405,9.626731398580261e-06,-0.014889772769361381,0.0028250428637878224,-3.105835511432566e-07,0.0,0.0,0.0,0.0,0.0,0.0,-3.613559246710963e-06,0.002864712865742167,-0.015014504767113985,-3.619595708904595e-05,0.002830240564594712,-0.016706394542042226,1.2752455950746058e-06,-0.0,-0.0,-0.0,-0.0,-0.0,-0.0,5.1672522889195304e-05,-1.0461065709471866e-05,0.00010505375295888379,-0.03407074737522185,3.7444285382536075e-07,-1.4560468291078849e-08,-0.031611378185818884
1.5,-2.7368503284129067,0.0,0.0,-2.9925925385021435,0.0,0.0,-0.0,0.0,0.0,0.0,0.0,0.0,0.0,0.0,-2.638015141507507,0.0,0.0,-2.901340712012675,0.0,0.0,0.0,0.0,0.0,0.0,0.0,0.0,0.0,0.0,-0.900684612737251,0.0,0.0,-1.1264156739499438,0.0,0.0,0.0,0.0,0.0,0.0,0.0,0.0,0.0,0.0,0.0,0.0,0.0,3.840892053011381e-05,-0.01493695203940489,0.002511635000682736,9.372980353162085e-06,-0.014889311758065514,0.002824960971085014,-3.020263485918101e-07,0.0,0.0,0.0,0.0,0.0,0.0,-3.502266543358438e-06,0.0028571679986301537,-0.014967494449570445,-3.520500794470299e-05,0.002830134288445568,-0.016705808399016937,1.2391123173616803e-06,-0.0,-0.0,-0.0,-0.0,-0.0,-0.0,5.014583119037458e-05,-1.0197864565015519e-05,0.00010203463155249728,-0.034001553937490894,3.639868805046202e-07,-1.573529851978425e-08,-0.03161051059177243
1.55,-2.736257408075922,0.0,0.0,-2.9925547646959294,0.0,0.0,-0.0,0.0,0.0,0.0,0.0,0.0,0.0,0.0,-2.637428371126447,0.0,0.0,-2.901301555009498,0.0,0.0,0.0,0.0,0.0,0.0,0.0,0.0,0.0,0.0,-0.9004370101350343,0.0,0.0,-1.1263529541093598,0.0,0.0,0.0,0.0,0.0,0.0,0.0,0.0,0.0,0.0,0.0,0.0,0.0,3.731985036267155e-05,-0.01489832301562738,0.002503918645163539,9.125384138853198e-06,-0.014888826640496063,0.002824873890209897,-2.936798196391538e-07,0.0,0.0,0.0,0.0,0.0,0.0,-3.3941196250544686e-06,0.002849271553839141,-0.014918265897769031,-3.42389266976456e-05,0.002830023938323137,-0.016705194461892666,1.2039080076614287e-06,-0.0,-0.0,-0.0,-0.0,-0.0,-0.0,4.866111300514957e-05,-9.94070610243607e-06,9.909402240237364e-05,-0.03392842311309304,3.538010292500215e-07,-1.6862290700371934e-08,-0.0316095936434264
1.6,-2.735602432345341,0.0,0.0,-2.9925130374607853,0.0,0.0,-0.0,0.0,0.0,0.0,0.0,0.0,0.0,0.0,-2.6367804036928706,0.0,0.0,-2.9012583141376425,0.0,0.0,0.0,0.0,0.0,0.0,0.0,0.0,0.0,0.0,-0.9001625867005429,0.0,0.0,-1.1262834406809776,0.0,0.0,0.0,0.0,0.0,0.0,0.0,0.0,0.0,0.0,0.0,0.0,0.0,3.6258465681665766e-05,-0.014857664923876876,0.0024957938251844052,8.883767495370811e-06,-0.014888316201044678,0.002824781434710122,-2.855387499059195e-07,0.0,0.0,0.0,0.0,0.0,0.0,-3.289023515966244e-06,0.0028410046391853937,-0.014866722896529214,-3.3296991543387545e-05,0.0028299092644613454,-0.016704551529291622,1.1696069925762377e-06,-0.0,-0.0,-0.0,-0.0,-0.0,-0.0,4.7217123360233404e-05,-9.689434950449225e-06,9.62298242342618e-05,-0.03385114001782113,3.438774868628822e-07,-1.79414952975584e-08,-0.03160862464644434
1.6500000000000001,-2.7348789233026665,0.0,0.0,-2.9924669441010736,0.0,0.0,-0.0,0.0,0.0,0.0,0.0,0.0,0.0,0.0,-2.636064873710814,0.0,0.0,-2.901210564607867,0.0,0.0,0.0,0.0,0.0,0.0,0.0,0.0,0.0,0.0,-0.8998584468959516,0.0,0.0,-1.1262064003400818,0.0,0.0,0.0,0.0,0.0,0.0,0.0,0.0,0.0,0.0,0.0,0.0,0.0,3.52239909008885e-05,-0.014814876491313926,0.0024872441720984293,8.647959688509956e-06,-0.014887779171597858,0.002824683406218932,-2.7759772051222506e-07,0.0,0.0,0.0,0.0,0.0,0.0,-3.1868864511619857e-06,0.002832347560476103,-0.014812765802657158,-3.23785015294938e-05,0.0028297900121522224,-0.01670387835610519,1.1361813328973076e-06,-0.0,-0.0,-0.0,-0.0,-0.0,-0.0,4.581265552913205e-05,-9.443893979251613e-06,9.344000045584752e-05,-0.03376947911206786,3.342076670769229e-07,-1.897264048093785e-08,-0.03160760077292836
1.7000000000000002,-2.7340797305152256,0.0,0.0,-2.9924160290765776,0.0,0.0,-0.0,0.0,0.0,0.0,0.0,0.0,0.0,0.0,-2.635274757309505,0.0,0.0,-2.901157837695542,0.0,0.0,0.0,0.0,0.0,0.0,0.0,0.0,0.0,0.0,-0.8995213848387692,0.0,0.0,-1.1261210211926629,0.0,0.0,0.0,0.0,0.0,0.0,0.0,0.0,0.0,0.0,0.0,0.0,0.0,3.4215673124168035e-05,-0.014769852056354643,0.0024782527154590473,8.417792600309239e-06,-0.014887214228969662,0.0028245795998492595,-2.698531446811906e-07,0.0,0.0,0.0,0.0,0.0,0.0,-3.0876207780264334e-06,0.0028232798029426305,-0.014756291499730928,-3.148277333597639e-05,0.0028296659152937647,-0.016703173653981447,1.1036063322403126e-06,-0.0,-0.0,-0.0,-0.0,-0.0,-0.0,4.4446533901818536e-05,-9.203923966577597e-06,9.072256750386144e-05,-0.03368320380190528,3.247838106641464e-07,-1.9956203023003465e-08,-0.03160651905641597
1.75,-2.7331969620364265,0.0,0.0,-2.9923597896066685,0.0,0.0,-0.0,0.0,0.0,0.0,0.0,0.0,0.0,0.0,-2.634402304970361,0.0,0.0,-2.9010996162513143,0.0,0.0,0.0,0.0,0.0,0.0,0.0,0.0,0.0,0.0,-0.8991478515612068,0.0,0.0,-1.126026404494702,0.0,0.0,0.0,0.0,0.0,0.0,0.0,0.0,0.0,0.0,0.0,0.0,0.0,3.323278018131227e-05,-0.01472248145095706,0.0024688018785511225,8.193101640370012e-06,-0.014886619993730416,0.002824469802548579,-2.622997259730588e-07,0.0,0.0,0.0,0.0,0.0,0.0,-2.9911432609624825e-06,0.002813780007310757,-0.014697193362356685,-3.060914138520852e-05,0.0028295366978730095,-0.016702436090575895,1.0718580945371043e-06,-0.0,-0.0,-0.0,-0.0,-0.0,-0.0,4.311761476581153e-05,-8.969375541344085e-06,8.807559027573823e-05,-0.03359206604146455,3.155986637589403e-07,-2.0892015800111952e-08,-0.03160537638689452
1.8,-2.7322219085073645,0.0,0.0,-2.9922976708349562,0.0,0.0,-0.0,0.0,0.0,0.0,0.0,0.0,0.0,0.0,-2.633438967560872,0.0,0.0,-2.901035329765113,0.0,0.0,0.0,0.0,0.0,0.0,0.0,0.0,0.0,0.0,-0.8987339189371789,0.0,0.0,-1.125921555530987,0.0,0.0,0.0,0.0,0.0,0.0,0.0,0.0,0.0,0.0,0.0,0.0,0.0,3.2274598812901286e-05,-0.014672649889183603,0.0024588734723319044,7.973727486487722e-06,-0.014885995028644594,0.0028243537939082112,-2.549313577363874e-07,0.0,0.0,0.0,0.0,0.0,0.0,-2.897372491437236e-06,0.0028038259503023817,-0.014635361229315661,-2.9756956570816336e-05,0.002829402072727753,-0.016701664289383453,1.0409147942387256e-06,-0.0,-0.0,-0.0,-0.0,-0.0,-0.0,4.18247848665194e-05,-8.740103830926693e-06,8.549717746973673e-05,-0.03349580593923057,3.066459111351422e-07,-2.177964988988521e-08,-0.031604169505864164
1.85,-2.731144959710251,0.0,0.0,-2.992229060513084,0.0,0.0,-0.0,0.0,0.0,0.0,0.0,0.0,0.0,0.0,-2.632375315049547,0.0,0.0,-2.9009643489417605,0.0,0.0,0.0,0.0,0.0,0.0,0.0,0.0,0.0,0.0,-0.898275239966458,0.0,0.0,-1.1258053735758242,0.0,0.0,0.0,0.0,0.0,0.0,0.0,0.0,0.0,0.0,0.0,0.0,0.0,3.134043288137681e-05,-0.01462023786207454,0.0024484486954748966,7.759513615102722e-06,-0.014885337837417072,0.002824231345841035,-2.477441353718702e-07,0.0,0.0,0.0,0.0,0.0,0.0,-2.8062285269611823e-06,0.0027933945218224353,-0.01457068138826869,-2.892558517356576e-05,0.002829261741624524,-0.01670085682948564,1.010755708693176e-06,-0.0,-0.0,-0.0,-0.0,-0.0,-0.0,4.056696193862487e-05,-8.515962453262376e-06,8.298548266396464e-05,-0.03339415137116753,2.9791922973580404e-07,-2.2619452762568576e-08,-0.031602895001486775
1.9000000000000001,-2.7299555128719826,0.0,0.0,-2.992153283158911,0.0,0.0,-0.0,0.0,0.0,0.0,0.0,0.0,0.0,0.0,-2.631200947226502,0.0,0.0,-2.9008859797430717,0.0,0.0,0.0,0.0,0.0,0.0,0.0,0.0,0.0,0.0,-0.8977670050835634,0.0,0.0,-1.1256766408527659,0.0,0.0,0.0,0.0,0.0,0.0,0.0,0.0,0.0,0.0,0.0,0.0,0.0,3.0429603192158754e-05,-0.014565121041851356,0.0024375081327845274,7.550306672862646e-06,-0.01488464686362238,0.0028241022218867453,-2.4073309421148243e-07,0.0,0.0,0.0,0.0,0.0,0.0,-2.7176341870267735e-06,0.002782461708059658,-0.014503036571824359,-2.8114409129129588e-05,0.0028291153958016724,-0.016700012245372892,9.813596771288788e-07,-0.0,-0.0,-0.0,-0.0,-0.0,-0.0,3.934309321359809e-05,-8.296810117028598e-06,8.053870572175231e-05,-0.03328681760402629,2.894122936933893e-07,-2.3411252039479012e-08,-0.03160154930386281
1.9500000000000002,-2.7286418719620684,0.0,0.0,-2.9920695936409896,0.0,0.0,-0.0,0.0,0.0,0.0,0.0,0.0,0.0,0.0,-2.629904395703123,0.0,0.0,-2.9007994568479814,0.0,0.0,0.0,0.0,0.0,0.0,0.0,0.0,0.0,0.0,-0.8972038941372648,0.0,0.0,-1.1255340104053175,0.0,0.0,0.0,0.0,0.0,0.0,0.0,0.0,0.0,0.0,0.0,0.0,0.0,2.954144753142112e-05,-0.014507170197191197,0.002426031749629528,7.345957067763586e-06,-0.014883920489488521,0.00282396617796753,-2.3389434166507686e-07,0.0,0.0,0.0,0.0,0.0,0.0,-2.6315139441399526e-06,0.002771002581118517,-0.014432305965898007,-2.7322822638492825e-05,0.0028289627149151522,-0.016699129027205807,9.527050540178091e-07,-0.0,-0.0,-0.0,-0.0,-0.0,-0.0,3.815215463883493e-05,-8.08249672445225e-06,7.815508571892794e-05,-0.03317350693261772,2.8111850317201263e-07,-2.4155240957041484e-08,-0.031600128680482766
2.0,-2.727191137173537,0.0,0.0,-2.9919771701376074,0.0,0.0,-0.0,0.0,0.0,0.0,0.0,0.0,0.0,0.0,-2.62847301641162,0.0,0.0,-2.9007039364787284,0.0,0.0,0.0,0.0,0.0,0.0,0.0,0.0,0.0,0.0,-0.8965800236658122,0.0,0.0,-1.1253759927858111,0.0,0.0,0.0,0.0,0.0,0.0,0.0,0.0,0.0,0.0,0.0,0.0,0.0,2.867532201611258e-05,-0.014446251143718721,0.0024139987634172197,7.146316223286093e-06,-0.01488315702828349,0.002823822997607152,-2.272286789022441e-07,0.0,0.0,0.0,0.0,0.0,0.0,-2.547796935800905e-06,0.002758991428681293,-0.014358365209124018,-2.6550247871038814e-05,0.0028288033273014307,-0.016698205627807414,9.247898375700841e-07,-0.0,-0.0,-0.0,-0.0,-0.0,-0.0,3.699314917475409e-05,-7.872886615449471e-06,7.58328079925623e-05,-0.03305390833540872,2.7303742099353664e-07,-2.4855207974070052e-08,-0.031598629231906254
2.0500000000000003,-2.725589083718919,0.0,0.0,-2.991875106415103,0.0,0.0,-0.0,0.0,0.0,0.0,0.0,0.0,0.0,0.0,-2.6268928717722106,0.0,0.0,-2.900598488537482,0.0,0.0,0.0,0.0,0.0,0.0,0.0,0.0,0.0,0.0,-0.8958888890739076,0.0,0.0,-1.125200941465372,0.0,0.0,0.0,0.0,0.0,0.0,0.0,0.0,0.0,0.0,0.0,0.0,0.0,2.783057417669194e-05,-0.014382224568942673,0.002401388284908036,6.951235174833591e-06,-0.014882354744653834,0.0028236723814853955,-2.2073241238577518e-07,0.0,0.0,0.0,0.0,0.0,0.0,-2.4664092579796773e-06,0.002746401054742443,-0.014281086555475907,-2.5796070054438943e-05,0.0028286369344568867,-0.016697240442178334,8.975839910911813e-07,-0.0,-0.0,-0.0,-0.0,-0.0,-0.0,3.586523265591343e-05,-7.667784615467835e-06,7.357031614386864e-05,-0.032927697152162136,2.6515981346344495e-07,-2.550863452310622e-08,-0.03159704688772996
2.1,-2.723820029017173,0.0,0.0,-2.9917624033666166,0.0,0.0,-0.0,0.0,0.0,0.0,0.0,0.0,0.0,0.0,-2.62514860164311,0.0,0.0,-2.9004820879944546,0.0,0.0,0.0,0.0,0.0,0.0,0.0,0.0,0.0,0.0,-0.8951233013011285,0.0,0.0,-1.125007036864529,0.0,0.0,0.0,0.0,0.0,0.0,0.0,0.0,0.0,0.0,0.0,0.0,0.0,2.70066089727456e-05,-0.014314946182396829,0.0023881783058864754,6.760575851969899e-06,-0.01488151185022241,0.0028235139671276303,-2.143945390992065e-07,0.0,0.0,0.0,0.0,0.0,0.0,-2.3872934673049832e-06,0.0027332039209325967,-0.01420033873812895,-2.5059791657250213e-05,0.0028284632881662823,-0.016696231811946877,8.710271148673644e-07,-0.0,-0.0,-0.0,-0.0,-0.0,-0.0,3.476730680387383e-05,-7.467099275102842e-06,7.13659510684334e-05,-0.03279453479161838,2.574650547441182e-07,-2.6112867902785838e-08,-0.03159537740290768
2.15,-2.721866687292525,0.0,0.0,-2.9916379597488563,0.0,0.0,-0.0,0.0,0.0,0.0,0.0,0.0,0.0,0.0,-2.62322328211749,0.0,0.0,-2.9003536054649732,0.0,0.0,0.0,0.0,0.0,0.0,0.0,0.0,0.0,0.0,-0.8942753175593151,0.0,0.0,-1.1247922689018937,0.0,0.0,0.0,0.0,0.0,0.0,0.0,0.0,0.0,0.0,0.0,0.0,0.0,2.620283241137261e-05,-0.014244266559389838,0.0023743463458039886,6.57420444109462e-06,-0.014880626434402959,0.0028233476923076074,-2.082079653218763e-07,0.0,0.0,0.0,0.0,0.0,0.0,-2.310383842977328e-06,0.0027193713588814874,-0.01411598717083199,-2.434081982642478e-05,0.0028282817830927497,-0.01669517809541644,8.45182209519161e-07,-0.0,-0.0,-0.0,-0.0,-0.0,-0.0,3.369840718164943e-05,-7.270738006088837e-06,6.921798493674865e-05,-0.03265406847148087,2.499783739273442e-07,-2.6670559412372524e-08,-0.031593616354495486
2.2,-2.719710010554283,0.0,0.0,-2.991500562051226,0.0,0.0,-0.0,0.0,0.0,0.0,0.0,0.0,0.0,0.0,-2.621098271184,0.0,0.0,-2.900211796909936,0.0,0.0,0.0,0.0,0.0,0.0,0.0,0.0,0.0,0.0,-0.8933361657100479,0.0,0.0,-1.1245544179579068,0.0,0.0,0.0,0.0,0.0,0.0,0.0,0.0,0.0,0.0,0.0,0.0,0.0,2.541863220756883e-05,-0.014170031127285751,0.00235986961667225,6.391992490549697e-06,-0.014879696594945908,0.0028231731075423917,-2.0216651682397256e-07,0.0,0.0,0.0,0.0,0.0,0.0,-2.235600268846068e-06,0.0027048735056825297,-0.014027894077136388,-2.363864121620419e-05,0.0028280922289598254,-0.01669407753812128,8.199630561897969e-07,-0.0,-0.0,-0.0,-0.0,-0.0,-0.0,3.2657781195838434e-05,-7.078543467013214e-06,6.71249881728302e-05,-0.03250593099877506,2.4266990930942286e-07,-2.7176521284758046e-08,-0.03159175913890818
2.25,-2.7173290148801525,0.0,0.0,-2.991348873428686,0.0,0.0,-0.0,0.0,0.0,0.0,0.0,0.0,0.0,0.0,-2.618753040225313,0.0,0.0,-2.9000552923911913,0.0,0.0,0.0,0.0,0.0,0.0,0.0,0.0,0.0,0.0,-0.8922961618549626,0.0,0.0,-1.1242910341526045,0.0,0.0,0.0,0.0,0.0,0.0,0.0,0.0,0.0,0.0,0.0,0.0,0.0,2.4653455720904175e-05,-0.014092080261916355,0.0023447245876817785,6.213809737516914e-06,-0.014878720324633242,0.0028229899742900225,-1.962709406295007e-07,0.0,0.0,0.0,0.0,0.0,0.0,-2.1628819938034403e-06,0.0026896797585225446,-0.013935918528839629,-2.2952748135251594e-05,0.002827894179084219,-0.016692928388037785,7.953516628236284e-07,-0.0,-0.0,-0.0,-0.0,-0.0,-0.0,3.164446296165875e-05,-6.8903730948376065e-06,6.508550790417812e-05,-0.032349740599489495,2.3553341773346835e-07,-2.7631954917724948e-08,-0.031589800969768836
2.3000000000000003,-2.714700590886559,0.0,0.0,-2.9911814216271666,0.0,0.0,-0.0,0.0,0.0,0.0,0.0,0.0,0.0,0.0,-2.6161649902949766,0.0,0.0,-2.899882583811109,0.0,0.0,0.0,0.0,0.0,0.0,0.0,0.0,0.0,0.0,-0.891144620723912,0.0,0.0,-1.1239994148413752,0.0,0.0,0.0,0.0,0.0,0.0,0.0,0.0,0.0,0.0,0.0,0.0,0.0,2.390676902318329e-05,-0.014010249289217269,0.0023288872693618887,6.039532886929736e-06,-0.014877695563163696,0.0028227979952252,-1.905113341420986e-07,0.0,0.0,0.0,0.0,0.0,0.0,-2.0921739982795086e-06,0.002673758509118606,-0.013839916646628134,-2.2282655124852602e-05,0.00282768723375257,-0.01669172884615333,7.713190214598582e-07,-0.0,-0.0,-0.0,-0.0,-0.0,-0.0,3.065759158830051e-05,-6.706124580852798e-06,6.309813731608839e-05,-0.032185100801946157,2.2856019544159083e-07,-2.803372404741788e-08,-0.03158773687645252
2.35,-2.711799297241984,0.0,0.0,-2.990996585828719,0.0,0.0,-0.0,0.0,0.0,0.0,0.0,0.0,0.0,0.0,-2.6133092520902954,0.0,0.0,-2.89969201156417,0.0,0.0,0.0,0.0,0.0,0.0,0.0,0.0,0.0,0.0,-0.8898697584722899,0.0,0.0,-1.123676580241795,0.0,0.0,0.0,0.0,0.0,0.0,0.0,0.0,0.0,0.0,0.0,0.0,0.0,2.3178056986387703e-05,-0.01392436857414157,0.0023123331840279463,5.869049060068856e-06,-0.014876620187332988,0.0028225968714503586,-1.848743204590794e-07,0.0,0.0,0.0,0.0,0.0,0.0,-2.0234184725978008e-06,0.002657077224401758,-0.013739741767802892,-2.1627890151224715e-05,0.002827470976589578,-0.016690477079507826,7.4785457681133e-07,-0.0,-0.0,-0.0,-0.0,-0.0,-0.0,2.9696325948391123e-05,-6.525740188159666e-06,6.11614360063067e-05,-0.032011600384599784,2.2174883224802682e-07,-2.8378898345651153e-08,-0.03158556170342817
2.4000000000000004,-2.7085971360667944,0.0,0.0,-2.990792582342656,0.0,0.0,-0.0,0.0,0.0,0.0,0.0,0.0,0.0,0.0,-2.610158468531552,0.0,0.0,-2.899481750027794,0.0,0.0,0.0,0.0,0.0,0.0,0.0,0.0,0.0,0.0,-0.8884585875432202,0.0,0.0,-1.1233192471188864,0.0,0.0,0.0,0.0,0.0,0.0,0.0,0.0,0.0,0.0,0.0,0.0,0.0,2.2466805555115053e-05,-0.01383426363036901,0.0022950374093702883,5.702251057729459e-06,-0.014875492013158156,0.0028223862990802147,-1.7935274259493519e-07,0.0,0.0,0.0,0.0,0.0,0.0,-1.9565472467582528e-06,0.00263960245855079,-0.013635244656964864,-2.0987983376551705e-05,0.0028272449791598335,-0.016689171223075547,7.249583954248774e-07,-0.0,-0.0,-0.0,-0.0,-0.0,-0.0,2.8759852840047776e-05,-6.349158566034935e-06,5.927395201111784e-05,-0.03182881339639878,2.151009651982953e-07,-2.8667352379598693e-08,-0.03158327011051391
2.45,-2.7050633090712406,0.0,0.0,-2.9905674490695993,0.0,0.0,-0.0,0.0,0.0,0.0,0.0,0.0,0.0,0.0,-2.606682558871245,0.0,0.0,-2.8992497918206173,0.0,0.0,0.0,0.0,0.0,0.0,0.0,0.0,0.0,0.0,-0.8868968033178177,0.0,0.0,-1.1229238004770754,0.0,0.0,0.0,0.0,0.0,0.0,0.0,0.0,0.0,0.0,0.0,0.0,0.0,2.177249936999381e-05,-0.013739755267551432,0.002276974624462384,5.539030781913674e-06,-0.014874308798340626,0.002822165966539207,-1.739481225534642e-07,0.0,0.0,0.0,0.0,0.0,0.0,-1.8914873531708446e-06,0.00262129987612563,-0.013526273748138768,-2.036247118682572e-05,0.0028270088049340515,-0.016687809382170408,7.026188710516721e-07,-0.0,-0.0,-0.0,-0.0,-0.0,-0.0,2.7847385732998737e-05,-6.176277553300411e-06,5.743428452656457e-05,-0.03163629925977372,2.0861265724211163e-07,-2.8901176400050612e-08,-0.03158085657416903
2.5,-2.7011639533180025,0.0,0.0,-2.990319028667398,0.0,0.0,-0.0,0.0,0.0,0.0,0.0,0.0,0.0,0.0,-2.60284846329689,0.0,0.0,-2.8989939307590578,0.0,0.0,0.0,0.0,0.0,0.0,0.0,0.0,0.0,0.0,-0.8851686623734845,0.0,0.0,-1.1224862632363684,0.0,0.0,0.0,0.0,0.0,0.0,0.0,0.0,0.0,0.0,0.0,0.0,0.0,2.1094635906987137e-05,-0.013640659781240119,0.0022581191492610855,5.379276747908343e-06,-0.014873068244167831,0.002821935557549193,-1.6866431727974133e-07,0.0,0.0,0.0,0.0,0.0,0.0,-1.8281732353782749e-06,0.0026021342959217236,-0.013412675418699603,-1.9750906083654245e-05,0.0028267620070350848,-0.016686389636345937,6.80818906461885e-07,-0.0,-0.0,-0.0,-0.0,-0.0,-0.0,2.6958158779070497e-05,-6.0069819319486905e-06,5.5641056841767605e-05,-0.03143360296695587,2.0227739683679516e-07,-2.90832372042746e-08,-0.031578315389954315
2.5500000000000003,-2.6968618555647703,0.0,0.0,-2.990044950352468,0.0,0.0,-0.0,0.0,0.0,0.0,0.0,0.0,0.0,0.0,-2.5986198670648,0.0,0.0,-2.898711743447899,0.0,0.0,0.0,0.0,0.0,0.0,0.0,0.0,0.0,0.0,-0.8832568523034345,0.0,0.0,-1.1220022639098766,0.0,0.0,0.0,0.0,0.0,0.0,0.0,0.0,0.0,0.0,0.0,0.0,0.0,2.0432725733715836e-05,-0.013536789185707493,0.0022384449973048555,5.222878593103722e-06,-0.014871767997938438,0.0028216947543573136,-1.635007193330268e-07,0.0,0.0,0.0,0.0,0.0,0.0,-1.7665469666993916e-06,0.002582069734783656,-0.013294294300935917,-1.9152848336809758e-05,0.0028265041259098603,-0.01668491004377986,6.595508147960904e-07,-0.0,-0.0,-0.0,-0.0,-0.0,-0.0,2.6091428360931495e-05,-5.841164676603089e-06,5.3892888222620575e-05,-0.03122025538067222,1.960928998594247e-07,-2.9215380777714907e-08,-0.03157564067630076
2.6,-2.6921161442548573,0.0,0.0,-2.9897426102770956,0.0,0.0,-0.0,0.0,0.0,0.0,0.0,0.0,0.0,0.0,-2.5939569033193046,0.0,0.0,-2.8984005694485044,0.0,0.0,0.0,0.0,0.0,0.0,0.0,0.0,0.0,0.0,-0.8811423532291883,0.0,0.0,-1.1214670023522837,0.0,0.0,0.0,0.0,0.0,0.0,0.0,0.0,0.0,0.0,0.0,0.0,0.0,1.978628559017502e-05,-0.01342795149402986,0.0022179259408530894,5.0697277125066465e-06,-0.014870405657180922,0.0028214432347798803,-1.5845549047691177e-07,0.0,0.0,0.0,0.0,0.0,0.0,-1.70655233711826e-06,0.002561069454904064,-0.013170973633014582,-1.8567867433266834e-05,0.0028262346941545433,-0.01668336864494694,6.388037922206192e-07,-0.0,-0.0,-0.0,-0.0,-0.0,-0.0,2.5246475708017173e-05,-5.678716186187047e-06,5.218842002249632e-05,-0.030995773651033048,1.900559986570122e-07,-2.9298775848370843e-08,-0.03157282637973626
2.6500000000000004,-2.686881958390832,0.0,0.0,-2.9894091504340294,0.0,0.0,-0.0,0.0,0.0,0.0,0.0,0.0,0.0,0.0,-2.5888158339223764,0.0,0.0,-2.8980574899795823,0.0,0.0,0.0,0.0,0.0,0.0,0.0,0.0,0.0,0.0,-0.8788042913719456,0.0,0.0,-1.1208752137169704,0.0,0.0,0.0,0.0,0.0,0.0,0.0,0.0,0.0,0.0,0.0,0.0,0.0,1.915484126752448e-05,-0.013313951051318707,0.002196535577668807,4.9197171306895684e-06,-0.01486897877384851,0.0028211806728922367,-1.535267649899487e-07,0.0,0.0,0.0,0.0,0.0,0.0,-1.6481350932168274e-06,0.002539096026789856,-0.013042555649203699,-1.7995544682309553e-05,0.0028259532374639495,-0.01668176346747173,6.1856327510077e-07,-0.0,-0.0,-0.0,-0.0,-0.0,-0.0,2.4422603111195365e-05,-5.519522304297649e-06,5.0526323159243096e-05,-0.030759661761208836,1.8416217034328208e-07,-2.9334339488043254e-08,-0.031569866281726186
2.7,-2.681110092760547,0.0,0.0,-2.9890414360545123,0.0,0.0,-0.0,0.0,0.0,0.0,0.0,0.0,0.0,0.0,-2.583148707855643,0.0,0.0,-2.8976793051213017,0.0,0.0,0.0,0.0,0.0,0.0,0.0,0.0,0.0,0.0,-0.8762197853506575,0.0,0.0,-1.120221130846666,0.0,0.0,0.0,0.0,0.0,0.0,0.0,0.0,0.0,0.0,0.0,0.0,0.0,1.8537930408602124e-05,-0.013194588924434942,0.002174247403327496,4.772741813495449e-06,-0.014867484859001957,0.0028209067409397767,-1.4871230200633787e-07,0.0,0.0,0.0,0.0,0.0,0.0,-1.5912438584200165e-06,0.0025161114044078424,-0.012908882011897728,-1.7435474165065842e-05,0.002825659274441991,-0.01668009253172312,5.98813187111426e-07,-0.0,-0.0,-0.0,-0.0,-0.0,-0.0,2.3619130696171264e-05,-5.363467015349636e-06,4.890529747388921e-05,-0.03051141121489046,1.7840640473152354e-07,-2.93227588520649e-08,-0.031566754007291524
2.75,-2.6747466193020926,0.0,0.0,-2.988636031486173,0.0,0.0,-0.0,0.0,0.0,0.0,0.0,0.0,0.0,0.0,-2.576902997074647,0.0,0.0,-2.897262509514716,0.0,0.0,0.0,0.0,0.0,0.0,0.0,0.0,0.0,0.0,-0.8733637862583374,0.0,0.0,-1.1194984454324068,0.0,0.0,0.0,0.0,0.0,0.0,0.0,0.0,0.0,0.0,0.0,0.0,0.0,1.7935103453235843e-05,-0.013069663351854768,0.0021510348914623055,4.628699182090754e-06,-0.014865921388347287,0.0028206211108099117,-1.4400909525616397e-07,0.0,0.0,0.0,0.0,0.0,0.0,-1.5358300805188587e-06,0.002492077011068339,-0.012769794287552974,-1.6887263199797365e-05,0.002825352317152267,-0.016678353856855774,5.795365728865231e-07,-0.0,-0.0,-0.0,-0.0,-0.0,-0.0,2.2835395198746535e-05,-5.21043544293856e-06,4.732407165535253e-05,-0.030250501878993325,1.727834936444491e-07,-2.9264392645303226e-08,-0.0315634830355733
2.8000000000000003,-2.6677324848120487,0.0,0.0,-2.988189174563806,0.0,0.0,-0.0,0.0,0.0,0.0,0.0,0.0,0.0,0.0,-2.5700212101117743,0.0,0.0,-2.8968032665762995,0.0,0.0,0.0,0.0,0.0,0.0,0.0,0.0,0.0,0.0,-0.8702089130496476,0.0,0.0,-1.1187002684125102,0.0,0.0,0.0,0.0,0.0,0.0,0.0,0.0,0.0,0.0,0.0,0.0,0.0,1.7345923961891485e-05,-0.01293897025770573,0.002126871582108787,4.487489689793856e-06,-0.0148642858086496,0.002820323455217338,-1.3941322159957107e-07,0.0,0.0,0.0,0.0,0.0,0.0,-1.4818474583210405e-06,0.002466953837010822,-0.012625134468030612,-1.635053264427869e-05,0.0028250318722510197,-0.016676545467345646,5.607157867629589e-07,-0.0,-0.0,-0.0,-0.0,-0.0,-0.0,2.207074955512641e-05,-5.060315762678e-06,4.578140317090491e-05,-0.0299764029954213,1.6728813002512303e-07,-2.9159232650070825e-08,-0.03156004671251626
2.85,-2.660003085740449,0.0,0.0,-2.9876967495203766,0.0,0.0,-0.0,0.0,0.0,0.0,0.0,0.0,0.0,0.0,-2.562440484258783,0.0,0.0,-2.896297381283008,0.0,0.0,0.0,0.0,0.0,0.0,0.0,0.0,0.0,0.0,-0.8667252853700734,0.0,0.0,-1.1178190902517515,0.0,0.0,0.0,0.0,0.0,0.0,0.0,0.0,0.0,0.0,0.0,0.0,0.0,1.6769968710078314e-05,-0.012802303833918142,0.002101731177972897,4.349017056727575e-06,-0.014862575545018351,0.0028200134488863137,-1.3492051831730227e-07,0.0,0.0,0.0,0.0,0.0,0.0,-1.4292512956674796e-06,0.002440702549873091,-0.012474745538552868,-1.5824917055541307e-05,0.0028246974423962,-0.016674665400089213,5.423328940037575e-07,-0.0,-0.0,-0.0,-0.0,-0.0,-0.0,2.1324562595878753e-05,-4.912997384367343e-06,4.427607751276564e-05,-0.029688574375895144,1.6191495947463162e-07,-2.900718466585432e-08,-0.031556438265847815
2.9000000000000004,-2.651487821499824,0.0,0.0,-2.987154258529206,0.0,0.0,-0.0,0.0,0.0,0.0,0.0,0.0,0.0,0.0,-2.554092157835471,0.0,0.0,-2.895740271628467,0.0,0.0,0.0,0.0,0.0,0.0,0.0,0.0,0.0,0.0,-0.8628803566896366,0.0,0.0,-1.1168467419456032,0.0,0.0,0.0,0.0,0.0,0.0,0.0,0.0,0.0,0.0,0.0,0.0,0.0,1.620682759458466e-05,-0.012659457194432606,0.002075587647352903,4.2131875715966725e-06,-0.014860788009022843,0.0028196907701893625,-1.3052770500484689e-07,0.0,0.0,0.0,0.0,0.0,0.0,-1.3779985219212652e-06,0.002413283620285507,-0.012318472092996174,-1.5310064137871688e-05,0.002824348527426865,-0.016672711712165555,5.243699954087203e-07,-0.0,-0.0,-0.0,-0.0,-0.0,-0.0,2.059621868416041e-05,-4.7683665206315025e-06,4.2806907324480234e-05,-0.029386467793858746,1.5665851765286305e-07,-2.8808505997207307e-08,-0.0315526508225276
2.95,-2.642109628570956,0.0,0.0,-2.9865567920227543,0.0,0.0,-0.0,0.0,0.0,0.0,0.0,0.0,0.0,0.0,-2.544901324892613,0.0,0.0,-2.895126938906898,0.0,0.0,0.0,0.0,0.0,0.0,0.0,0.0,0.0,0.0,-0.8586387514932061,0.0,0.0,-1.1157743578399413,0.0,0.0,0.0,0.0,0.0,0.0,0.0,0.0,0.0,0.0,0.0,0.0,0.0,1.565610368281823e-05,-0.012510223104404512,0.0020484153363901523,4.079909216562427e-06,-0.01485892060769776,0.002819355103157532,-1.2623306331267663e-07,0.0,0.0,0.0,0.0,0.0,0.0,-1.328048515966194e-06,0.0023846574604675535,-0.012156160997670142,-1.4805634367059072e-05,0.0028239846254211674,-0.016670682489253345,5.068103451075264e-07,-0.0,-0.0,-0.0,-0.0,-0.0,-0.0,1.9885118408775207e-05,-4.626302767043503e-06,4.137272332116612e-05,-0.029069528587285884,1.515135219869227e-07,-2.8564213044182647e-08,-0.0315486774288409
3.0,-2.63178449874399,0.0,0.0,-2.9858989980006885,0.0,0.0,-0.0,0.0,0.0,0.0,0.0,0.0,0.0,0.0,-2.5347863757331983,0.0,0.0,-2.8944519370506963,0.0,0.0,0.0,0.0,0.0,0.0,0.0,0.0,0.0,0.0,-0.8539621113462413,0.0,0.0,-1.1145923416467225,0.0,0.0,0.0,0.0,0.0,0.0,0.0,0.0,0.0,0.0,0.0,0.0,0.0,1.5117411865943654e-05,-0.012354394785570634,0.0020201891011479797,3.949091294029366e-06,-0.014856970754272428,0.0028190061356769647,-1.220373144364819e-07,0.0,0.0,0.0,0.0,0.0,0.0,-1.2793639560618392e-06,0.002354784565223709,-0.011987662105841804,-1.4311299895500977e-05,0.002823605238344851,-0.0166685758539106,4.896432296709656e-07,-0.0,-0.0,-0.0,-0.0,-0.0,-0.0,1.9190679872087608e-05,-4.486680007442463e-06,3.997235353426114e-05,-0.0287371974857505,1.4647647269506305e-07,-2.8276790134019728e-08,-0.03154451107330336
3.0500000000000003,-2.620420986122228,0.0,0.0,-2.985175050622056,0.0,0.0,-0.0,0.0,0.0,0.0,0.0,0.0,0.0,0.0,-2.52365852789613,0.0,0.0,-2.8937093413315123,0.0,0.0,0.0,0.0,0.0,0.0,0.0,0.0,0.0,0.0,-0.8488089559199623,0.0,0.0,-1.113290337373193,0.0,0.0,0.0,0.0,0.0,0.0,0.0,0.0,0.0,0.0,0.0,0.0,0.0,1.459037372550062e-05,-0.012191766806215561,0.001990884428149288,3.82064360140768e-06,-0.014854935879482938,0.0028186435600288315,-1.1793889947991758e-07,0.0,0.0,0.0,0.0,0.0,0.0,-1.2319108190816188e-06,0.0023236256905820366,-0.011812829016852626,-1.3826738458149233e-05,0.0028232098753612303,-0.016666389974884767,4.728598636423583e-07,-0.0,-0.0,-0.0,-0.0,-0.0,-0.0,1.8512330284972073e-05,-4.349385089532439e-06,3.860463460470912e-05,-0.028388912674333633,1.4154484384378278e-07,-2.7947982264977132e-08,-0.031540144712535655
3.1,-2.6079197090708934,0.0,0.0,-2.9843786184754046,0.0,0.0,-0.0,0.0,0.0,0.0,0.0,0.0,0.0,0.0,-2.5114213537627097,0.0,0.0,-2.892892716835972,0.0,0.0,0.0,0.0,0.0,0.0,0.0,0.0,0.0,0.0,-0.8431345665410539,0.0,0.0,-1.1118572072657504,0.0,0.0,0.0,0.0,0.0,0.0,0.0,0.0,0.0,0.0,0.0,0.0,0.0,1.4074617770005064e-05,-0.012022136053048986,0.0019604775661374737,3.6944831581415786e-06,-0.014852813442178626,0.0028182670827064126,-1.1392825874476282e-07,0.0,0.0,0.0,0.0,0.0,0.0,-1.185654676883175e-06,0.0022911420427461048,-0.011631519883476833,-1.3351641209638882e-05,0.0028227980460396305,-0.01666412307876297,4.564447409888985e-07,-0.0,-0.0,-0.0,-0.0,-0.0,-0.0,1.7849504684820473e-05,-4.214330252570972e-06,3.726841603947266e-05,-0.02802411210595532,1.367150366210744e-07,-2.757638710688896e-08,-0.03153557130025228
3.1500000000000004,-2.5941728551488357,0.0,0.0,-2.9835028330389326,0.0,0.0,-0.0,0.0,0.0,0.0,0.0,0.0,0.0,0.0,-2.4979703127505126,0.0,0.0,-2.8919950872475315,0.0,0.0,0.0,0.0,0.0,0.0,0.0,0.0,0.0,0.0,-0.8368909015400346,0.0,0.0,-1.1102810192944235,0.0,0.0,0.0,0.0,0.0,0.0,0.0,0.0,0.0,0.0,0.0,0.0,0.0,1.3569779987331672e-05,-0.011845302786448887,0.0019289456708452889,3.5705324440888884e-06,-0.014850600943261669,0.002817876422319508,-1.099984144725734e-07,0.0,0.0,0.0,0.0,0.0,0.0,-1.1405567463364048e-06,0.00225729547846351,-0.011443598266671674,-1.2885707861466277e-05,0.0028223692672500046,-0.0166617734599197,4.4038804190918127e-07,-0.0,-0.0,-0.0,-0.0,-0.0,-0.0,1.72016520241467e-05,-4.081431685251981e-06,3.596254713806334e-05,-0.0276422360722344,1.3198517895989255e-07,-2.7161974023954797e-08,-0.031530783819491086
3.2,-2.579063699251117,0.0,0.0,-2.9825402579822957,0.0,0.0,-0.0,0.0,0.0,0.0,0.0,0.0,0.0,0.0,-2.4831922981822623,0.0,0.0,-2.8910089046076295,0.0,0.0,0.0,0.0,0.0,0.0,0.0,0.0,0.0,0.0,-0.8300265546115998,0.0,0.0,-1.1085490471576769,0.0,0.0,0.0,0.0,0.0,0.0,0.0,0.0,0.0,0.0,0.0,0.0,0.0,1.3075501397804795e-05,-0.011661071777880916,0.0018962669701297254,3.448716036840317e-06,-0.01484829594025283,0.002817471309877196,-1.0614707939267948e-07,0.0,0.0,0.0,0.0,0.0,0.0,-1.0965758182944775e-06,0.002222048707033086,-0.01124893403726487,-1.2428646738503857e-05,0.0028219230677042607,-0.016659339491455413,4.246803904554653e-07,-0.0,-0.0,-0.0,-0.0,-0.0,-0.0,1.6568238033084218e-05,-3.950598459194849e-06,3.468588364156755e-05,-0.02724273004106341,1.2735277655789155e-07,-2.6706561407523987e-08,-0.03152577531818712
3.25,-2.5624661477440998,0.0,0.0,-2.9814828601243324,0.0,0.0,-0.0,0.0,0.0,0.0,0.0,0.0,0.0,0.0,-2.466965211385944,0.0,0.0,-2.8899260208940727,0.0,0.0,0.0,0.0,0.0,0.0,0.0,0.0,0.0,0.0,-0.8224867695565766,0.0,0.0,-1.106647786245999,0.0,0.0,0.0,0.0,0.0,0.0,0.0,0.0,0.0,0.0,0.0,0.0,0.0,1.2591428760418154e-05,-0.011469253536031834,0.0018624209125462402,3.3289595954171263e-06,-0.014845896063217946,0.002817051487516302,-1.0237249785820313e-07,0.0,0.0,0.0,0.0,0.0,0.0,-1.053671657949868e-06,0.0021853655356265985,-0.011047404315048253,-1.1980173992898457e-05,0.0028214589945238545,-0.016656819636346715,4.093111169711161e-07,-0.0,-0.0,-0.0,-0.0,-0.0,-0.0,1.5948737658734955e-05,-3.82173870103505e-06,3.343729493619499e-05,-0.026825047766837078,1.2281476344860503e-07,-2.6212120016132853e-08,-0.031520538948164305
3.3000000000000003,-2.5442443243154274,0.0,0.0,-2.9803219830483707,0.0,0.0,-0.0,0.0,0.0,0.0,0.0,0.0,0.0,0.0,-2.4491575784161776,0.0,0.0,-2.8887376624436722,0.0,0.0,0.0,0.0,0.0,0.0,0.0,0.0,0.0,0.0,-0.8142135271134959,0.0,0.0,-1.104562989425908,0.0,0.0,0.0,0.0,0.0,0.0,0.0,0.0,0.0,0.0,0.0,0.0,0.0,1.2117216225863873e-05,-0.011269665613610461,0.0018273883300668804,3.2111915158482693e-06,-0.01484339902901299,0.0028166167216102877,-9.867128596844853e-08,0.0,0.0,0.0,0.0,0.0,0.0,-1.0118053255685073e-06,0.002147211119408313,-0.010838894447911338,-1.154001606675441e-05,0.002820976603960772,-0.01665421246179691,3.9426533835262e-07,-0.0,-0.0,-0.0,-0.0,-0.0,-0.0,1.5342635121901906e-05,-3.6947606481219856e-06,3.2215670852554886e-05,-0.02638865467642906,1.183668574962015e-07,-2.56798428741605e-08,-0.03151506800758438
3.35,-2.524252216599951,0.0,0.0,-2.979048324589445,0.0,0.0,-0.0,0.0,0.0,0.0,0.0,0.0,0.0,0.0,-2.429628227993588,0.0,0.0,-2.8874344084601384,0.0,0.0,0.0,0.0,0.0,0.0,0.0,0.0,0.0,0.0,-0.8051457220417438,0.0,0.0,-1.1022797268281461,0.0,0.0,0.0,0.0,0.0,0.0,0.0,0.0,0.0,0.0,0.0,0.0,0.0,1.1652527366686148e-05,-0.011062133991888375,0.0017911516187600668,3.0953419253295498e-06,-0.014840802660508863,0.0028161667949755547,-9.504107450091648e-08,0.0,0.0,0.0,0.0,0.0,0.0,-9.70939344305367e-07,0.002107552215355124,-0.010623299027753186,-1.1107909722134931e-05,0.002820475475859576,-0.016651516650031208,3.7952856040819563e-07,-0.0,-0.0,-0.0,-0.0,-0.0,-0.0,1.4749431138182368e-05,-3.569571172766086e-06,3.101991341069263e-05,-0.025933031530703754,1.1400474342763926e-07,-2.511144841755869e-08,-0.03150935598684982
3.4000000000000004,-2.502333406372957,0.0,0.0,-2.9776519196454423,0.0,0.0,-0.0,0.0,0.0,0.0,0.0,0.0,0.0,0.0,-2.4082260528286143,0.0,0.0,-2.886006175086498,0.0,0.0,0.0,0.0,0.0,0.0,0.0,0.0,0.0,0.0,-0.7952194510792134,0.0,0.0,-1.0997824739437654,0.0,0.0,0.0,0.0,0.0,0.0,0.0,0.0,0.0,0.0,0.0,0.0,0.0,1.1197034263581824e-05,-0.010846494542077733,0.001753694916416162,2.981342959991311e-06,-0.014838104904694787,0.0028157015100101026,-9.148015535740485e-08,0.0,0.0,0.0,0.0,0.0,0.0,-9.310379698796969e-07,0.002066357458668639,-0.010400522934365827,-1.068360007623063e-05,0.002819955216089891,-0.016648731011526717,3.650888734886692e-07,-0.0,-0.0,-0.0,-0.0,-0.0,-0.0,1.416863774311745e-05,-3.446075998110806e-06,2.984893025101449e-05,-0.02545767835746227,1.0972495789906281e-07,-2.4509176515171498e-08,-0.03150339661790961
3.45,-2.4783209101921213,0.0,0.0,-2.976122130024713,0.0,0.0,-0.0,0.0,0.0,0.0,0.0,0.0,0.0,0.0,-2.384789880393896,0.0,0.0,-2.884442206781354,0.0,0.0,0.0,0.0,0.0,0.0,0.0,0.0,0.0,0.0,-0.7843684347013854,0.0,0.0,-1.0970552320969877,0.0,0.0,0.0,0.0,0.0,0.0,0.0,0.0,0.0,0.0,0.0,0.0,0.0,1.075041573775579e-05,-0.010622594561182285,0.0017150042586817327,2.8691278078917363e-06,-0.014835303850429103,0.0028152206983184246,-8.798602297518918e-08,0.0,0.0,0.0,0.0,0.0,0.0,-8.920672257613275e-07,0.002023597680783535,-0.01017048239813447,-1.0266839882984385e-05,0.0028194154519080358,-0.0166458544997614,3.5093676125901563e-07,-0.0,-0.0,-0.0,-0.0,-0.0,-0.0,1.3599773360184758e-05,-3.3241898634687773e-06,2.870162798289141e-05,-0.024962118647306242,1.05524979707024e-07,-2.3875280189892472e-08,-0.03149718392686127
3.5,-2.452037161753186,0.0,0.0,-2.974447643321997,0.0,0.0,-0.0,0.0,0.0,0.0,0.0,0.0,0.0,0.0,-2.3591484833661687,0.0,0.0,-2.8827310770157526,0.0,0.0,0.0,0.0,0.0,0.0,0.0,0.0,0.0,0.0,-0.7725245975221228,0.0,0.0,-1.0940816845488663,0.0,0.0,0.0,0.0,0.0,0.0,0.0,0.0,0.0,0.0,0.0,0.0,0.0,1.0312354745658955e-05,-0.01039029435637037,0.0016750678103825943,2.7586334941673037e-06,-0.014832397749293371,0.00281472421817742,-8.455433958194389e-08,0.0,0.0,0.0,0.0,0.0,0.0,-8.539925453235457e-07,0.001979246157389425,-0.009933106093453487,-9.857386836036693e-06,0.0028188558412013797,-0.0166428862238582,3.3706306660655376e-07,-0.0,-0.0,-0.0,-0.0,-0.0,-0.0,1.3042380287488086e-05,-3.20382782268015e-06,2.7576922359287046e-05,-0.02444590379892078,1.0140287537287374e-07,-2.321136664679291e-08,-0.03149071228967999
3.5500000000000003,-2.423294171789357,0.0,0.0,-2.9726164831053596,0.0,0.0,-0.0,0.0,0.0,0.0,0.0,0.0,0.0,0.0,-2.331120764261291,0.0,0.0,-2.880860700594574,0.0,0.0,0.0,0.0,0.0,0.0,0.0,0.0,0.0,0.0,-0.7596188333803351,0.0,0.0,-1.0908453897623387,0.0,0.0,0.0,0.0,0.0,0.0,0.0,0.0,0.0,0.0,0.0,0.0,0.0,9.882539270641525e-06,-0.010149468898385477,0.0016338760188054193,2.649797329785409e-06,-0.014829385039839047,0.002814211937595068,-8.118422565126672e-08,0.0,0.0,0.0,0.0,0.0,0.0,-8.16779417394024e-07,0.0019332789604811116,-0.009688336226248777,-9.455006506958296e-06,0.0028182760979926537,-0.016639825458602216,3.234567637326922e-07,-0.0,-0.0,-0.0,-0.0,-0.0,-0.0,1.24960021748944e-05,-3.0849022760692213e-06,2.6473736998682286e-05,-0.023908617794869493,9.735535561823859e-08,-2.2520369944784197e-08,-0.03148397649083727
3.6,-2.391893905920984,0.0,0.0,-2.9706160329883438,0.0,0.0,-0.0,0.0,0.0,0.0,0.0,0.0,0.0,0.0,-2.300516153065255,0.0,0.0,-2.8788183601919477,0.0,0.0,0.0,0.0,0.0,0.0,0.0,0.0,0.0,0.0,-0.7455819812331518,0.0,0.0,-1.0873300102535455,0.0,0.0,0.0,0.0,0.0,0.0,0.0,0.0,0.0,0.0,0.0,0.0,0.0,9.460662426295945e-06,-0.009900009512087964,0.0015914217863466304,2.5425584626211906e-06,-0.01482626436026345,0.0028136837811273186,-7.787313659621371e-08,0.0,0.0,0.0,0.0,0.0,0.0,-7.803946934205511e-07,0.0018856752882622525,-0.009436129625933131,-9.05946849581921e-06,0.0028176759465026336,-0.016636671666584727,3.101091379882619e-07,-0.0,-0.0,-0.0,-0.0,-0.0,-0.0,1.1960181014531071e-05,-2.9673281655590527e-06,2.5391003942508505e-05,-0.02334988208290186,9.338032404214807e-08,-2.1804749587542506e-08,-0.031476971784496204
3.6500000000000004,-2.3576289252093434,0.0,0.0,-2.968433077438661,0.0,0.0,-0.0,0.0,0.0,0.0,0.0,0.0,0.0,0.0,-2.2671352606825756,0.0,0.0,-2.8765907499585017,0.0,0.0,0.0,0.0,0.0,0.0,0.0,0.0,0.0,0.0,-0.7303460363978733,0.0,0.0,-1.083519570287601,0.0,0.0,0.0,0.0,0.0,0.0,0.0,0.0,0.0,0.0,0.0,0.0,0.0,9.046422012412433e-06,-0.009641825590190263,0.0015477006806773922,2.436857400715593e-06,-0.014823034576879595,0.002813139695434536,-7.461879615711368e-08,0.0,0.0,0.0,0.0,0.0,0.0,-7.44805701408908e-07,0.0018364177638844385,-0.009176458836079615,-8.670548873390118e-06,0.0028170551664948203,-0.01663342450479884,2.9700748466894757e-07,-0.0,-0.0,-0.0,-0.0,-0.0,-0.0,1.1434481774939635e-05,-2.8510199011143304e-06,2.4327671816322312e-05,-0.02276936063140462,8.947417091010009e-08,-2.1066910707956226e-08,-0.031469693957890225
3.7,-2.3202833379607384,0.0,0.0,-2.9660538624163504,0.0,0.0,-0.0,0.0,0.0,0.0,0.0,0.0,0.0,0.0,-2.2307708344642934,0.0,0.0,-2.8741640392881007,0.0,0.0,0.0,0.0,0.0,0.0,0.0,0.0,0.0,0.0,-0.7138456178125999,0.0,0.0,-1.0793987274815058,0.0,0.0,0.0,0.0,0.0,0.0,0.0,0.0,0.0,0.0,0.0,0.0,0.0,8.639521972636224e-06,-0.009374846327841762,0.0015027111066357312,2.332636016935768e-06,-0.01481969480388452,0.002812579661574266,-7.141886349906955e-08,0.0,0.0,0.0,0.0,0.0,0.0,-7.099809364033244e-07,0.0017854927739804115,-0.008909313179444954,-8.288028892560486e-06,0.002816413586125666,-0.01663008383988713,2.841405012991821e-07,-0.0,-0.0,-0.0,-0.0,-0.0,-0.0,1.091847730157548e-05,-2.735893814312158e-06,2.3282699843660693e-05,-0.022166765120929428,8.563381686152412e-08,-2.030937722639295e-08,-0.03146213939640728
3.75,-2.279634114145266,0.0,0.0,-2.9634641791141925,0.0,0.0,-0.0,0.0,0.0,0.0,0.0,0.0,0.0,0.0,-2.1912090645355136,0.0,0.0,-2.871523959996362,0.0,0.0,0.0,0.0,0.0,0.0,0.0,0.0,0.0,0.0,-0.6960197050795256,0.0,0.0,-1.0749530307753474,0.0,0.0,0.0,0.0,0.0,0.0,0.0,0.0,0.0,0.0,0.0,0.0,0.0,8.239671257044554e-06,-0.009099022454947314,0.0014564544738939044,2.229837429888756e-06,-0.01481624442430145,0.002812003700911272,-6.827113669657171e-08,0.0,0.0,0.0,0.0,0.0,0.0,-6.758896706562287e-07,0.0017328908056693697,-0.008634699793121172,-7.911693730582185e-06,0.002815751081884808,-0.016626649761812762,2.714971461106357e-07,-0.0,-0.0,-0.0,-0.0,-0.0,-0.0,1.0411746981292157e-05,-2.621866990150916e-06,2.225506044977393e-05,-0.021541860226631623,8.185626521928788e-08,-1.9534769931798868e-08,-0.031454305149814066
3.8000000000000003,-2.235452815117428,0.0,0.0,-2.9606494741580693,0.0,0.0,-0.0,0.0,0.0,0.0,0.0,0.0,0.0,0.0,-2.1482312906199965,0.0,0.0,-2.8686559202296644,0.0,0.0,0.0,0.0,0.0,0.0,0.0,0.0,0.0,0.0,-0.6768136483083551,0.0,0.0,-1.0701691182653696,0.0,0.0,0.0,0.0,0.0,0.0,0.0,0.0,0.0,0.0,0.0,0.0,0.0,7.846583612653856e-06,-0.00881432794454306,0.0014089353749740506,2.1284057351190496e-06,-0.014812683111527383,0.0028114118764036417,-6.517348244358975e-08,0.0,0.0,0.0,0.0,0.0,0.0,-6.425020346572226e-07,0.0016786067599163293,-0.008352644625203066,-7.541332344385486e-06,0.0028150675835888054,-0.016623122596146078,2.590666342490259e-07,-0.0,-0.0,-0.0,-0.0,-0.0,-0.0,9.913882528970038e-06,-2.5088592542005677e-06,2.1243737534089705e-05,-0.02089446893942978,7.813858346286354e-08,-1.874580707595254e-08,-0.03144618899896549
3.85,-2.1875077905365408,0.0,0.0,-2.957594989576129,0.0,0.0,-0.0,0.0,0.0,0.0,0.0,0.0,0.0,0.0,-2.101616157977004,0.0,0.0,-2.8655451483542436,0.0,0.0,0.0,0.0,0.0,0.0,0.0,0.0,0.0,0.0,-0.6561814383796599,0.0,0.0,-1.0650347802658533,0.0,0.0,0.0,0.0,0.0,0.0,0.0,0.0,0.0,0.0,0.0,0.0,0.0,7.459976727519076e-06,-0.008520761682286188,0.0013601617446321183,2.0282862031527083e-06,-0.014809010851689319,0.0028108042868121358,-6.212337476359775e-08,0.0,0.0,0.0,0.0,0.0,0.0,-6.097886762458041e-07,0.0016226402690373617,-0.00806319337549514,-7.17673554402883e-06,0.0028143630870838096,-0.016619502914350517,2.468397893489215e-07,-0.0,-0.0,-0.0,-0.0,-0.0,-0.0,9.424485097882907e-06,-2.3967935913532087e-06,2.0247726699937904e-05,-0.020224477866658548,7.447850784326894e-08,-1.7945154378409397e-08,-0.031437789522257294
3.9000000000000004,-2.135566890790935,0.0,0.0,-2.9542859356201867,0.0,0.0,-0.0,0.0,0.0,0.0,0.0,0.0,0.0,0.0,-2.051142267288139,0.0,0.0,-2.862176869829456,0.0,0.0,0.0,0.0,0.0,0.0,0.0,0.0,0.0,0.0,-0.6340882044925975,0.0,0.0,-1.059538771690281,0.0,0.0,0.0,0.0,0.0,0.0,0.0,0.0,0.0,0.0,0.0,0.0,0.0,7.079571424081838e-06,-0.008218349074038785,0.0013101450020319603,1.929424937842715e-06,-0.014805227962057532,0.002810181077398307,-5.9118486273912015e-08,0.0,0.0,0.0,0.0,0.0,0.0,-5.777204089845696e-07,0.0015649960074160033,-0.007766412368128537,-6.8176956239431685e-06,0.0028136376481278516,-0.01661579154639148,2.3480680664096e-07,-0.0,-0.0,-0.0,-0.0,-0.0,-0.0,8.94316013642893e-06,-2.285594954285124e-06,1.9266039161182118e-05,-0.019531842446215152,7.087350477562794e-08,-1.7135505492402367e-08,-0.03142910616099395
3.95,-2.079400736114232,0.0,0.0,-2.9507076990777614,0.0,0.0,-0.0,0.0,0.0,0.0,0.0,0.0,0.0,0.0,-1.9965913562340243,0.0,0.0,-2.858536519610941,0.0,0.0,0.0,0.0,0.0,0.0,0.0,0.0,0.0,0.0,-0.6105128793109328,0.0,0.0,-1.0536701976984095,0.0,0.0,0.0,0.0,0.0,0.0,0.0,0.0,0.0,0.0,0.0,0.0,0.0,6.705091757209628e-06,-0.007907143566330752,0.0012589001857116733,1.8317687435966602e-06,-0.014801335110459982,0.002809542439518203,-5.615661506225644e-08,0.0,0.0,0.0,0.0,0.0,0.0,-5.462683927091228e-07,0.0015056839792798155,-0.007462389345299719,-6.464005603202668e-06,0.002812891388347922,-0.016611989590265514,2.2295795849811248e-07,-0.0,-0.0,-0.0,-0.0,-0.0,-0.0,8.469520484142744e-06,-2.1751905177899736e-06,1.829770261204041e-05,-0.018816592001916262,6.732104094051368e-08,-1.6319576676723385e-08,-0.031420139282766026
4.0,-2.0187865723081915,0.0,0.0,-2.946846089014498,0.0,0.0,-0.0,0.0,0.0,0.0,0.0,0.0,0.0,0.0,-1.9377520395953252,0.0,0.0,-2.854609991936,0.0,0.0,0.0,0.0,0.0,0.0,0.0,0.0,0.0,0.0,-0.5854509397504051,0.0,0.0,-1.0474172093380842,0.0,0.0,0.0,0.0,0.0,0.0,0.0,0.0,0.0,0.0,0.0,0.0,0.0,6.336264773219305e-06,-0.007587228055875135,0.0012064460760194762,1.7352648625902246e-06,-0.014797333333184002,0.002808888610720506,-5.323548905576392e-08,0.0,0.0,0.0,0.0,0.0,0.0,-5.154041749686783e-07,0.0014447197818153142,-0.00715123416830213,-6.1154584060382e-06,0.002812124500147844,-0.01660809842049575,2.1128360754999946e-07,-0.0,-0.0,-0.0,-0.0,-0.0,-0.0,8.003187320451645e-06,-2.065510675762888e-06,1.7341762512750537e-05,-0.018078834562205777,6.381861154748803e-08,-1.5500017212499942e-08,-0.03141089024186073
4.05,-1.9535127272067905,0.0,0.0,-2.9426876209276713,0.0,0.0,-0.0,0.0,0.0,0.0,0.0,0.0,0.0,0.0,-1.8744241199094276,0.0,0.0,-2.8503839284332777,0.0,0.0,0.0,0.0,0.0,0.0,0.0,0.0,0.0,0.0,-0.5589170943925957,0.0,0.0,-1.0407646198475966,0.0,0.0,0.0,0.0,0.0,0.0,0.0,0.0,0.0,0.0,0.0,0.0,0.0,5.972820210204915e-06,-0.007258716165194336,0.0011528052919564573,1.639861088144319e-06,-0.014793224051126978,0.0028082198749175965,-5.03526613218704e-08,0.0,0.0,0.0,0.0,0.0,0.0,-4.850995241155448e-07,0.001382124851391495,-0.0068330794106254535,-5.771846101844636e-06,0.0028113372509536243,-0.016604119695351915,1.9977422155362937e-07,-0.0,-0.0,-0.0,-0.0,-0.0,-0.0,7.543787450556707e-06,-1.95648854179283e-06,1.6397283641982442e-05,-0.017318761359736774,6.036377835326949e-08,-1.4679348728438121e-08,-0.03140136143567163
4.1000000000000005,-1.8833836620885245,0.0,0.0,-2.938219839130358,0.0,0.0,-0.0,0.0,0.0,0.0,0.0,0.0,0.0,0.0,-1.806423462829981,0.0,0.0,-2.8458460444796936,0.0,0.0,0.0,0.0,0.0,0.0,0.0,0.0,0.0,0.0,-0.5309477489530001,0.0,0.0,-1.0336898705828674,0.0,0.0,0.0,0.0,0.0,0.0,0.0,0.0,0.0,0.0,0.0,0.0,0.0,5.614490221230239e-06,-0.006921753356788391,0.0010980043708654808,1.5455052239891224e-06,-0.014789009082827006,0.0028075365681504115,-4.750621495119185e-08,0.0,0.0,0.0,0.0,0.0,0.0,-4.5532645050990333e-07,0.0013179266751428551,-0.006508080832283218,-5.432959032216545e-06,0.002810529980516252,-0.01660005536368888,1.884205062252112e-07,-0.0,-0.0,-0.0,-0.0,-0.0,-0.0,7.090953387927139e-06,-1.848059704269334e-06,1.5463351476884717e-05,-0.016536650925955406,5.695407227910682e-08,-1.3860213323764012e-08,-0.03139155635603106
4.15,-1.8082255900993462,0.0,0.0,-2.933431676029172,0.0,0.0,-0.0,0.0,0.0,0.0,0.0,0.0,0.0,0.0,-1.7335874131444953,0.0,0.0,-2.8409854929030267,0.0,0.0,0.0,0.0,0.0,0.0,0.0,0.0,0.0,0.0,-0.5016030435376947,0.0,0.0,-1.026156514556683,0.0,0.0,0.0,0.0,0.0,0.0,0.0,0.0,0.0,0.0,0.0,0.0,0.0,5.261009119189402e-06,-0.006576517860879329,0.0010420738285385857,1.4521451208361941e-06,-0.014784690656926561,0.002806839074807914,-4.469397858111986e-08,0.0,0.0,0.0,0.0,0.0,0.0,-4.2605728954964784e-07,0.0012521589648263533,-0.006176417722974394,-5.098585085779945e-06,0.002809703108176097,-0.016595907668377253,1.7721324256050223e-07,-0.0,-0.0,-0.0,-0.0,-0.0,-0.0,6.644325056208713e-06,-1.7401630891800088e-06,1.4539073569275926e-05,-0.015732872692899788,5.358707882717668e-08,-1.304505488659651e-08,-0.03138147963436464
4.2,-1.7278926147549962,0.0,0.0,-2.9283138463382166,0.0,0.0,-0.0,0.0,0.0,0.0,0.0,0.0,0.0,0.0,-1.6557807158275697,0.0,0.0,-2.8357932642156407,0.0,0.0,0.0,0.0,0.0,0.0,0.0,0.0,0.0,0.0,-0.47096822713078623,0.0,0.0,-1.0181040129567551,0.0,0.0,0.0,0.0,0.0,0.0,0.0,0.0,0.0,0.0,0.0,0.0,0.0,4.912113095181281e-06,-0.006223221393048872,0.0009850481921033344,1.3597284874535336e-06,-0.014780271420864046,0.002806127829533416,-4.1913846511853604e-08,0.0,0.0,0.0,0.0,0.0,0.0,-3.9726457059299533e-07,0.0011848617938079822,-0.00583829310145419,-4.768508961686084e-06,0.002808857132899502,-0.01659167914908089,1.6614336424590227e-07,-0.0,-0.0,-0.0,-0.0,-0.0,-0.0,6.203548060660663e-06,-1.632740812736305e-06,1.3623580855342537e-05,-0.014907890014236407,5.0260404221995415e-08,-1.2236221521301261e-08,-0.03137113707956508
4.25,-1.6422733386776893,0.0,0.0,-2.922859275437645,0.0,0.0,-0.0,0.0,0.0,0.0,0.0,0.0,0.0,0.0,-1.5729019173005405,0.0,0.0,-2.8302626251397185,0.0,0.0,0.0,0.0,0.0,0.0,0.0,0.0,0.0,0.0,-0.439154128314812,0.0,0.0,-1.009432113736362,0.0,0.0,0.0,0.0,0.0,0.0,0.0,0.0,0.0,0.0,0.0,0.0,0.0,4.567539959579898e-06,-0.005862109637651856,0.0009269660078274366,1.2682027364234057e-06,-0.014775754446932778,0.0028054033172536354,-3.91637506281669e-08,0.0,0.0,0.0,0.0,0.0,0.0,-3.6892099693305683e-07,0.0011160816886049926,-0.005493933761356325,-4.4425114861019664e-06,0.002807992634501767,-0.016587372642817046,1.5520195299371356e-07,-0.0,-0.0,-0.0,-0.0,-0.0,-0.0,5.768273341471451e-06,-1.5257382944843926e-06,1.2716028808875934e-05,-0.014062262519298815,4.697167592541095e-08,-1.1435936614055107e-08,-0.03136053570750376
4.3,-1.5512979356460708,0.0,0.0,-2.917063566820266,0.0,0.0,-0.0,0.0,0.0,0.0,0.0,0.0,0.0,0.0,-1.4848902899092262,0.0,0.0,-2.8243896055074567,0.0,0.0,0.0,0.0,0.0,0.0,0.0,0.0,0.0,0.0,-0.4062965168510522,0.0,0.0,-0.9999773527055602,0.0,0.0,0.0,0.0,0.0,0.0,0.0,0.0,0.0,0.0,0.0,0.0,0.0,4.227028891585226e-06,-0.005493462475413608,0.0008678698219488693,1.1775148548039946e-06,-0.01477114323523105,0.002804666072393313,-3.644170757142027e-08,0.0,0.0,0.0,0.0,0.0,0.0,-3.4099941596764143e-07,0.0010458716712000062,-0.005143590154194198,-4.1203690288305584e-06,0.0028071102747891964,-0.016582991282389305,1.4438032966821217e-07,-0.0,-0.0,-0.0,-0.0,-0.0,-0.0,5.338156754811841e-06,-1.4191042906398965e-06,1.1815598335979929e-05,-0.013196647717768439,4.37185649234769e-08,-1.064630458482394e-08,-0.03134968376114822
4.3500000000000005,-1.454945835336069,0.0,0.0,-2.9109255297059238,0.0,0.0,-0.0,0.0,0.0,0.0,0.0,0.0,0.0,0.0,-1.391733522841828,0.0,0.0,-2.818173563748566,0.0,0.0,0.0,0.0,0.0,0.0,0.0,0.0,0.0,0.0,-0.37255426107173967,0.0,0.0,-0.9894782446766739,0.0,0.0,0.0,0.0,0.0,0.0,0.0,0.0,0.0,0.0,0.0,0.0,0.0,3.890320165654875e-06,-0.00511759393668687,0.0008078061293221361,1.0876112328230107e-06,-0.014766441712841746,0.0028039166794716283,-3.374572209264933e-08,0.0,0.0,0.0,0.0,0.0,0.0,-3.134728021566426e-07,0.0009742912529415905,-0.004787536101133746,-3.8018528608272684e-06,0.002806210796088762,-0.01657853849301811,1.3366984043006749e-07,-0.0,-0.0,-0.0,-0.0,-0.0,-0.0,4.912857985247731e-06,-1.312791076967369e-06,1.0921497071010892e-05,-0.012311801778764765,4.0498721019003956e-08,-9.869243915716862e-09,-0.03133859072032911
4.4,-1.3532545922373047,0.0,0.0,-2.904447824890104,0.0,0.0,-0.0,0.0,0.0,0.0,0.0,0.0,0.0,0.0,-1.293476917468459,0.0,0.0,-2.8116179010299973,0.0,0.0,0.0,0.0,0.0,0.0,0.0,0.0,0.0,0.0,-0.3381064234323393,0.0,0.0,-0.9775245203168071,0.0,0.0,0.0,0.0,0.0,0.0,0.0,0.0,0.0,0.0,0.0,0.0,0.0,3.557155021259068e-06,-0.004734851862358863,0.0007468252975362097,9.984376683460247e-07,-0.01476165422942486,0.002803155773032376,-3.107369471501698e-08,0.0,0.0,0.0,0.0,0.0,0.0,-2.863142125252276e-07,0.000901406366917889,-0.004426068329304408,-3.486728964975182e-06,0.0028052950194172605,-0.016574017986708607,1.230617125766335e-07,-0.0,-0.0,-0.0,-0.0,-0.0,-0.0,4.4920418104881826e-06,-1.2067544747890593e-06,1.003295962898359e-05,-0.011408579416566823,3.730973682786854e-08,-9.106441857211149e-09,-0.03132726730030758
4.45,-1.2463315395491055,0.0,0.0,-2.897637853464562,0.0,0.0,-0.0,0.0,0.0,0.0,0.0,0.0,0.0,0.0,-1.1902359588141607,0.0,0.0,-2.8047310451640928,0.0,0.0,0.0,0.0,0.0,0.0,0.0,0.0,0.0,0.0,-0.303148883357016,0.0,0.0,-0.963484465277082,0.0,0.0,0.0,0.0,0.0,0.0,0.0,0.0,0.0,0.0,0.0,0.0,0.0,3.227275417987754e-06,-0.004345617261237785,0.0006849814579709038,9.099391572361484e-07,-0.014756785550065932,0.002802384031612585,-2.8423790246167732e-08,0.0,0.0,0.0,0.0,0.0,0.0,-2.594967583108249e-07,0.0008272892459693497,-0.004059505827268081,-3.174757431326768e-06,0.002804363848190232,-0.016569433753302224,1.1254784579194852e-07,-0.0,-0.0,-0.0,-0.0,-0.0,-0.0,4.075377162098932e-06,-1.100953684190264e-06,9.149247625659683e-06,-0.010487932825966332,3.414936824528549e-08,-8.359515179307693e-09,-0.03131572543842805
4.5,-1.1343722163089198,0.0,0.0,-2.8905090497140353,0.0,0.0,-0.0,0.0,0.0,0.0,0.0,0.0,0.0,0.0,-1.082216618285962,0.0,0.0,-2.797527744320063,0.0,0.0,0.0,0.0,0.0,0.0,0.0,0.0,0.0,0.0,-0.26789185520971087,0.0,0.0,-0.9464035543004291,0.0,0.0,0.0,0.0,0.0,0.0,0.0,0.0,0.0,0.0,0.0,0.0,0.0,2.900423766859737e-06,-0.003950303354827242,0.0006223323645329931,8.220598723848298e-07,-0.01475184084243081,0.002801602180704417,-2.5794089695925288e-08,0.0,0.0,0.0,0.0,0.0,0.0,-2.329935935570625e-07,0.0007520182425819939,-0.003688189018153153,-2.8656923325805586e-06,0.0028034182606557208,-0.01656479005103379,1.021199891331823e-07,-0.0,-0.0,-0.0,-0.0,-0.0,-0.0,3.6625354068550615e-06,-9.95351360594132e-07,8.26965011648366e-06,-0.00955090962326227,3.1015295141550735e-08,-7.629833765482815e-09,-0.03130397826830493
4.55,-1.0176948868339208,0.0,0.0,-2.883082194300838,0.0,0.0,-0.0,0.0,0.0,0.0,0.0,0.0,0.0,0.0,-0.9697529535643877,0.0,0.0,-2.7900295835901803,0.0,0.0,0.0,0.0,0.0,0.0,0.0,0.0,0.0,0.0,-0.23256093991095023,0.0,0.0,-0.9248684952571248,0.0,0.0,0.0,0.0,0.0,0.0,0.0,0.0,0.0,0.0,0.0,0.0,0.0,2.576342809112816e-06,-0.00354935430468952,0.0005589392238344715,7.347431088151954e-07,-0.014746825661182784,0.0028008109888699065,-2.3182715777743027e-08,0.0,0.0,0.0,0.0,0.0,0.0,-2.0677788871692569e-07,0.000675677586403798,-0.003312478751805762,-2.5592816006907795e-06,0.0028024593088331715,-0.016560091393591672,9.177004608317133e-08,-0.0,-0.0,-0.0,-0.0,-0.0,-0.0,3.253190938170984e-06,-8.899135026091731e-07,7.3934831418676685e-06,-0.008598649763980023,2.7905209988906993e-08,-6.918579435432587e-09,-0.031292040081181076
4.6000000000000005,-0.8968117892455175,0.0,0.0,-2.8753817997086193,0.0,0.0,-0.0,0.0,0.0,0.0,0.0,0.0,0.0,0.0,-0.8533818075922114,0.0,0.0,-2.782256578807385,0.0,0.0,0.0,0.0,0.0,0.0,0.0,0.0,0.0,0.0,-0.1974062536014777,0.0,0.0,-0.89683651362005,0.0,0.0,0.0,0.0,0.0,0.0,0.0,0.0,0.0,0.0,0.0,0.0,0.0,2.2547754460174947e-06,-0.003143243623577479,0.0004948664945401435,6.479312571715794e-07,-0.014741745928081857,0.002800011265380172,-2.0587818224183158e-08,0.0,0.0,0.0,0.0,0.0,0.0,-1.8082281223250248e-07,0.0005983570824478217,-0.002932755118544135,-2.2552670303029065e-06,0.0028014881145642283,-0.01655534253530987,8.149004140975695e-08,-0.0,-0.0,-0.0,-0.0,-0.0,-0.0,2.84702067780124e-06,-7.846093334063205e-07,6.520089080262319e-06,-0.0076323814252636495,2.4816808600060578e-08,-6.226738966788472e-09,-0.031279926274306535
4.65,-0.772579529468411,0.0,0.0,-2.867394808828667,0.0,0.0,-0.0,0.0,0.0,0.0,0.0,0.0,0.0,0.0,-0.733991912004973,0.0,0.0,-2.7741641452970414,0.0,0.0,0.0,0.0,0.0,0.0,0.0,0.0,0.0,0.0,-0.16272663341703392,0.0,0.0,-0.8594460699134912,0.0,0.0,0.0,0.0,0.0,0.0,0.0,0.0,0.0,0.0,0.0,0.0,0.0,1.9354645899969405e-06,-0.0027324722760622947,0.00043018165759384864,5.615658000886129e-07,-0.01473660790822878,0.0027992038573415048,-1.800757423526608e-08,0.0,0.0,0.0,0.0,0.0,0.0,-1.5510151331227983e-07,0.0005201517502792706,-0.0025494160903086786,-1.953384405639895e-06,0.0028005058649913242,-0.016550548454172878,7.127211034149252e-08,-0.0,-0.0,-0.0,-0.0,-0.0,-0.0,2.4437036740258358e-06,-6.79411131382744e-07,5.648835644144073e-06,-0.006653415859190666,2.1747786971958606e-08,-5.555107541101901e-09,-0.03126765328641613
4.7,-0.6465033912395934,0.0,0.0,-2.858804421034155,0.0,0.0,-0.0,0.0,0.0,0.0,0.0,0.0,0.0,0.0,-0.6131041231356877,0.0,0.0,-2.7652912672427825,0.0,0.0,0.0,0.0,0.0,0.0,0.0,0.0,0.0,0.0,-0.1289180724627124,0.0,0.0,-0.8088616788169516,0.0,0.0,0.0,0.0,0.0,0.0,0.0,0.0,0.0,0.0,0.0,0.0,0.0,1.618153032705742e-06,-0.0023175664798750183,0.0003649549586540733,4.7558733378923105e-07,-0.01473141818256372,0.002798389646484095,-1.5440204210824975e-08,0.0,0.0,0.0,0.0,0.0,0.0,-1.295871079830078e-07,0.000441161406377105,-0.0021628759973938527,-1.6533637464254976e-06,0.00279951380731286,-0.016545714332766314,6.110846097900131e-08,-0.0,-0.0,-0.0,-0.0,-0.0,-0.0,2.0429207044459443e-06,-5.742940106415152e-07,4.779114530107417e-06,-0.005663141242561778,1.8695825918431778e-08,-4.90430034834436e-09,-0.03125523852062611
4.75,-0.5212750291161629,0.0,0.0,-2.847484765235678,0.0,0.0,-0.0,0.0,0.0,0.0,0.0,0.0,0.0,0.0,-0.4933143304890075,0.0,0.0,-2.7529637334737074,0.0,0.0,0.0,0.0,0.0,0.0,0.0,0.0,0.0,0.0,-0.09655464336106555,0.0,0.0,-0.7402723473673223,0.0,0.0,0.0,0.0,0.0,0.0,0.0,0.0,0.0,0.0,0.0,0.0,0.0,1.3025833333874344e-06,-0.0018990752245387215,0.00029925912456725735,3.899354307310449e-07,-0.014726183616832561,0.0027975695456089753,-1.288392653342252e-08,0.0,0.0,0.0,0.0,0.0,0.0,-1.0425267106742133e-07,0.00036149019279790986,-0.0017735638514716678,-1.3549298926425911e-06,0.002798513242884884,-0.01654084553730172,5.099142783286651e-08,-0.0,-0.0,-0.0,-0.0,-0.0,-0.0,1.6443538878427476e-06,-4.692351475822911e-07,3.910340339581838e-06,-0.004663015568510431,1.5658629880648557e-08,-4.274740914914627e-09,-0.031242700255318435
4.800000000000001,-0.4013813730248341,0.0,0.0,-2.82140172015827,0.0,0.0,-0.0,0.0,0.0,0.0,0.0,0.0,0.0,0.0,-0.37865608942311496,0.0,0.0,-2.7234703740440613,0.0,0.0,0.0,0.0,0.0,0.0,0.0,0.0,0.0,0.0,-0.06650021347481862,0.0,0.0,-0.6482570678717818,0.0,0.0,0.0,0.0,0.0,0.0,0.0,0.0,0.0,0.0,0.0,0.0,0.0,9.884977115260759e-07,-0.0014775675291490039,0.00023316905602541345,3.045495662865416e-07,-0.014720911327248672,0.002796744494956567,-1.0343232987835203e-08,0.0,0.0,0.0,0.0,0.0,0.0,-7.907122036342405e-08,0.0002812460563812787,-0.001381921528018108,-1.0578015330264734e-06,0.002797505520456474,-0.016535947594924747,4.090412942453594e-08,-0.0,-0.0,-0.0,-0.0,-0.0,-0.0,1.247686286965077e-06,-3.6420986509543694e-07,3.0419520613687616e-06,-0.003654558644379856,1.2629277803533088e-08,-3.6685429813727615e-09,-0.03123005754382072
4.8500000000000005,-0.2922890198124382,0.0,0.0,-2.7166881904939113,0.0,0.0,-0.0,0.0,0.0,0.0,0.0,0.0,0.0,0.0,-0.2734707849828178,0.0,0.0,-2.61039130350935,0.0,0.0,0.0,0.0,0.0,0.0,0.0,0.0,0.0,0.0,-0.04002160451918918,0.0,0.0,-0.5277984993069791,0.0,0.0,0.0,0.0,0.0,0.0,0.0,0.0,0.0,0.0,0.0,0.0,0.0,6.756391235052642e-07,-0.001053629464753379,0.0001667615001259126,2.1936651838472915e-07,-0.014715608643530883,0.0027959154566397485,-7.801412690793118e-09,0.0,0.0,0.0,0.0,0.0,0.0,-5.4016712839792543e-08,0.00020054018186194366,-0.0009884018243647302,-7.616974064130694e-07,0.002796492030720237,-0.016531026169147794,3.086022719040994e-08,-0.0,-0.0,-0.0,-0.0,-0.0,-0.0,8.526016678191528e-07,-2.592183323969656e-07,2.1733829963387094e-06,-0.0026393428530584943,9.615974355609357e-09,-3.0814909500658764e-09,-0.031217330098567937
4.9,-0.1926532488419056,0.0,0.0,-2.224550987711555,0.0,0.0,-0.0,0.0,0.0,0.0,0.0,0.0,0.0,0.0,-0.17572895646207523,0.0,0.0,-2.121681691659987,0.0,0.0,0.0,0.0,0.0,0.0,0.0,0.0,0.0,0.0,-0.018826369191840536,0.0,0.0,-0.376117387966097,0.0,0.0,0.0,0.0,0.0,0.0,0.0,0.0,0.0,0.0,0.0,0.0,0.0,3.637563257804188e-07,-0.0006278568146968242,0.00010011576121066555,1.343259171307932e-07,-0.014710283016710558,0.0027950834255814475,-5.245043459183311e-09,0.0,0.0,0.0,0.0,0.0,0.0,-2.9063517845744927e-08,0.00011948421496663034,-0.0005934686578404327,-4.663213814015972e-07,0.0027954741692377267,-0.01652608706271647,2.087025515314028e-08,-0.0,-0.0,-0.0,-0.0,-0.0,-0.0,4.5882321423246193e-07,-1.5420928337880356e-07,1.3039356608917979e-06,-0.0016186907635483358,6.62554967354277e-09,-2.509155716754478e-09,-0.031204534517727898
4.95,-0.08162237306843247,0.0,0.0,-0.319771374056742,0.0,0.0,-0.0,0.0,0.0,0.0,0.0,0.0,0.0,0.0,-0.07086628835351828,0.0,0.0,-0.37786539875987785,0.0,0.0,0.0,0.0,0.0,0.0,0.0,0.0,0.0,0.0,-0.004908417430712888,0.0,0.0,-0.19500800774403723,0.0,0.0,0.0,0.0,0.0,0.0,0.0,0.0,0.0,0.0,0.0,0.0,0.0,9.289913348984352e-08,-0.00018576347451715374,3.465038038083687e-05,4.4866940573633365e-08,-0.014705141541825187,0.0027943928732356432,-2.7665293591082054e-09,0.0,0.0,0.0,0.0,0.0,0.0,-5.778200606888762e-09,3.537307942352882e-05,-0.00020525809264957407,-1.6476891710333606e-07,0.0027944402371762964,-0.016521091275643395,1.0878803325050474e-08,-0.0,-0.0,-0.0,-0.0,-0.0,-0.0,9.332692524513395e-08,-3.621089235515296e-08,3.094405445379452e-07,-0.00039420798801293713,3.5030817085668e-09,-1.5406794857741916e-09,-0.03120237225126315
