time,x,y,z,vx,vy,vz
0.0,-0.27711136635915,-0.15287888795569882,-1.4835881891836409,0.016947546368148183,0.0030344940780150645,0.005959412964164127
0.01,-0.277055786805983,-0.15276803113303472,-1.483557059775031,0.026704258786757404,-0.004449154439373941,0.00487436021243332
0.02,-0.27710674936725066,-0.15258153815534956,-1.4835238245136713,0.034247389455250875,-0.010367860301549021,0.003919018579910644
0.03,-0.2772419258391981,-0.1523353909768927,-1.4834894948700312,0.03971545359015842,-0.014825108031296302,0.003085197427756866
0.04,-0.2774402984332135,-0.1520445026547514,-1.483455011242831,0.0432758681086758,-0.017951408707792233,0.0023653498178246198
0.05,-0.2776824490729252,-0.1517224507279869,-1.4834212486151104,0.045110760970910824,-0.01989204952558233,0.0017523773378507464
0.06,-0.2779507070797371,-0.15138133257893444,-1.4833890203407414,0.045407606748545826,-0.02079809975704753,0.0012393626497265936
0.07,-0.27822920345890856,-0.15103171028873028,-1.4833590793295488,0.04435297431008321,-0.020819951884597822,0.0008193380813550986
0.08,-0.27850386286504647,-0.15068261970008887,-1.4833321169833817,0.04212833027009691,-0.020102804314467065,0.0004851323808166266
0.09,-0.2787623537689792,-0.150341624326583,-1.483308760657547,0.03890723558725979,-0.018783615406200087,0.00022930253039946157
0.1,-0.2789940107274138,-0.15001489944215146,-1.4832895704917728,0.0348535109412866,-0.016989163368815875,4.4140200536766034e-05
0.11,-0.27918973841779493,-0.1497073353321035,-1.4832750363513663,0.030120091471694775,-0.014834930833609455,-7.826460809530868e-05
0.12,-0.2793419043105814,-0.14942265149289036,-1.4832655754453392,0.024848382080990543,-0.012424598839284436,-0.00014592162043318825
0.13,-0.2794442249665376,-0.14916351571555278,-1.4832615309999677,0.019167982193373387,-0.009849985856012235,-0.00016681743386736812
0.14,-0.2794916496383681,-0.14893166362723265,-1.4832631721928218,0.01319668567419887,-0.007191306485912999,-0.0001487862556535833
0.15,-0.27948024391546533,-0.1487280155151498,-1.4832706954077515,0.0070406862109965475,-0.0045176543305344985,-9.938542300755358e-05
0.16,-0.27940707545555443,-0.14855278820946655,-1.4832842267597859,0.000794935304379304,-0.001887636362953065,-2.5783678839876598e-05
0.17,-0.27927010332020136,-0.14840560052547436,-1.4833038257595355,-0.00545638803525848,0.0006498963393739236,6.533268648350869e-05
0.18,-0.2790680720235404,-0.1482855713147534,-1.4833294899358969,-0.011639328016835168,0.00305506317786294,0.00016783310618279914
0.19,-0.27880041108347087,-0.1481914095898324,-1.4833611602089285,-0.01768954871291383,0.005296145231076666,0.0002761945923895311
0.2,-0.2784671406106972,-0.14812149649825307,-1.48339872679674,-0.023551696947567945,0.007348776352169931,0.0003855327679758158
0.21,-0.2780687832685674,-0.14807395915341362,-1.4834420354463798,-0.02917874766819943,0.00919515125118246,0.0004916136698979411
0.22,-0.2776062827749879,-0.14804673649924965,-1.483490893794863,-0.03453134474607799,0.010823262848448565,0.0005908485677826613
0.23,-0.2770809289888614,-0.14803763750767562,-1.4835450776890908,-0.03957714745941812,0.012226177468457389,0.0006802744006682189
0.24,-0.2764942895214761,-0.14804439209255021,-1.4836043373196108,-0.044290190710863986,0.013401353570915408,0.0007575225693583067
0.25,-0.27584814773319827,-0.1480646951801665,-1.4836684030506793,-0.04865026522141664,0.014350007501623567,0.0008207787866341865
0.26,-0.275144446913771,-0.14809624441047134,-1.4837369908562383,-0.05264232244662088,0.015076528045584214,0.0008687365321411811
0.27,-0.27438524039738105,-0.14813677196050912,-1.4838098072970014,-0.05625590772461537,0.015587940267920423,0.0009005464219314606
0.28,-0.2735726473288279,-0.1481840709859823,-1.4838865539970418,-0.05948462414436584,0.015893418148125157,0.0009157635188948281
0.29,-0.27270881377247236,-0.14823601717148568,-1.4839669315986317,-0.0623256287794775,0.01600384478215078,0.0009142943047130096
0.3,-0.2717958788393824,-0.14829058586737914,-1.4840506431913623,-0.0647791622388164,0.0159314183917273,0.0008963447252926422
0.31,-0.2708359454987452,-0.14834586527336802,-1.4841373972257712,-0.06684811191521012,0.015689301999349564,0.0008623704260777229
0.32,-0.26983105573594196,-0.1484000661071964,-1.4842269099329233,-0.06853760884744192,0.015291314367561693,0.0008130300183930381
0.33,-0.268783169720648,-0.1484515281726297,-1.484318907279864,-0.06985465773213329,0.014751659636529937,0.0007491419719182282
0.34,-0.26769414865305713,-0.1484987242150584,-1.484413126496861,-0.07080779931695391,0.01408469300383515,0.0006716455123092352
0.35000000000000003,-0.266565740964102,-0.14854026142633367,-1.484509317216188,-0.0714068041633346,0.01330471975831637,0.0005815657202636534
0.36,-0.2653995715557295,-0.14857488093341925,-1.484607242264185,-0.07166239657048559,0.012425824984724814,0.0004799828770280408
0.37,-0.2641971337793546,-0.14860145557838306,-1.4847066781485783,-0.07158600718691507,0.011461731139899758,0.0003680059905986112
0.38,-0.2629597838642273,-0.1486189862715185,-1.4848074152831021,-0.07118955341042735,0.010425681717335723,0.0002467502904483004
0.39,-0.26168873752201327,-0.14862659717337068,-1.48490925798927,-0.07048524520405562,0.009330347387488159,0.00011731850391962558
0.4,-0.26038506846919396,-0.14862352993632474,-1.4850120243121494,-0.06948541526533789,0.008187752979049667,-1.9214397917575662e-05
0.41000000000000003,-0.259049708624815,-0.14860913721350463,-1.4851155456849683,-0.06820237186133477,0.007009222961300366,-0.000161813300737515
0.42,-0.2576834497571804,-0.14858287562024622,-1.4852196664740327,-0.0666482726960859,0.00580534329644065,-0.00030949222339133036
0.43,-0.2562869463692207,-0.14854429831231908,-1.4853242434321008,-0.06483501821074839,0.004585937691943534,-0.00046132110371887095
0.44,-0.2548607196282854,-0.14849304732532476,-1.4854291450850452,-0.06277416274228559,0.003360056416083658,-0.0006164304194083503
0.45,-0.2534051621618657,-0.14842884580129267,-1.4855342510733744,-0.06047684200512486,0.0021359759748149033,-0.0007740139553655198
0.46,-0.2519205435561407,-0.1483514902114207,-1.4856394514670987,-0.057953715405093316,0.0009212080730789263,-0.0009333300092608712
0.47000000000000003,-0.2504070164091377,-0.1482608426681377,-1.4857446460695143,-0.05521492174975927,-0.00027748359179251194,-0.001093701302779815
0.48,-0.24886462280463692,-0.1481568234051676,-1.4858497437228084,-0.05227004699076304,-0.0014540600138393308,-0.0012545138417469131
0.49,-0.24729330108667905,-0.14803940349104222,-1.4859546616259465,-0.049128102690977477,-0.0026031782393103426,-0.001415214943742634
0.5,-0.2456928928276083,-0.1479085978294986,-1.4860593246731364,-0.045797513976564515,-0.003720158493562618,-0.0015753106246050967
0.51,-0.2440631498949511,-0.14776445848934386,-1.4861636648192655,-0.04228611581115521,-0.004800948046509692,-0.0017343625106726185
0.52,-0.24240374153407732,-0.14760706839661358,-1.4862676204770258,-0.03860115650267372,-0.0058420826860355254,-0.0018919844201145015
0.53,-0.24071426139449137,-0.14743653541313564,-1.4863711359490281,-0.034749307427723766,-0.006840646570692304,-0.002047838734916349
0.54,-0.23899423443775883,-0.14725298681788163,-1.4864741608969787,-0.030736678032609904,-0.007794231140904975,-0.0022016326651450764
0.55,-0.23724312367448666,-0.147056564200682,-1.4865766498489852,-0.026568835243445846,-0.008700893681819952,-0.0023531144889606522
0.56,-0.23546033668645538,-0.14684741877193785,-1.4866785617452265,-0.022250826489734657,-0.009559116050973843,-0.0025020698361254666
0.5700000000000001,-0.23364523189795983,-0.14662570708681782,-1.486779859521539,-0.017787205615861015,-0.010367764009964954,-0.0026483180686234942
0.58,-0.231797124567673,-0.14639158717802828,-1.4868805097299447,-0.013182061022690567,-0.0111260475312525,-0.0027917087999003356
0.59,-0.22991529247892836,-0.14614521508752293,-1.4869804821947281,-0.008439045446514304,-0.011833482388970286,-0.0029321185837019263
0.6,-0.22799898131224347,-0.14588674178442168,-1.4870797497023593,-0.0035614068448017316,-0.012489853285853489,-0.0030694477948829974
0.61,-0.22604740968921622,-0.14561631045387813,-1.487178287723337,0.0014479800827221362,-0.013095178717082686,-0.0032036177169097735
0.62,-0.22405977388163825,-0.14533405413962155,-1.487276074163886,0.00658658215328338,-0.013649677725389987,-0.0033345678447946414
0.63,-0.22203525218382933,-0.14504009372134669,-1.487373089145342,0.011852176103825246,-0.014153738660693449,-0.003462253407095308
0.64,-0.21997300894982674,-0.14473453620698742,-1.4874693148090377,0.017242817451404782,-0.014607890020369612,-0.003586643106676048
0.65,-0.2178721983002062,-0.14441747331914295,-1.487564735144488,0.022756810079753303,-0.015012773413987462,-0.003707717076419768
0.66,-0.21573196750599496,-0.14408898035448003,-1.4876593358387311,0.02839267677829921,-0.015369118667807262,-0.0038254650438824117
0.67,-0.21355146005940095,-0.14374911529477863,-1.487753104144722,0.03414913092109968,-0.015677721059679937,-0.003939884696747158
0.68,-0.21132981844295456,-0.14339791814837488,-1.4878460287667719,0.04002504943756584,-0.015939420653792703,-0.004050980239386375
0.6900000000000001,-0.20906618661017912,-0.143035410501058,-1.4879380997611116,0.04601944718975215,-0.01615508368560416,-0.004158761129961993
0.7000000000000001,-0.20675971219205103,-0.14266159525596864,-1.4880293084497747,0.05213145285126748,-0.016325585934620745,-0.004263240986951393
0.71,-0.20440954844446196,-0.1422764565426663,-1.4881196473460934,0.05836028636122939,-0.0164517980114825,-0.0043644366532709054
0.72,-0.20201485595262714,-0.14187995977626416,-1.4882091100902284,0.06470523798407803,-0.016534572471403844,-0.004462367406151119
0.73,-0.19957480410869072,-0.14147205184840647,-1.4882976913932686,0.07116564899012397,-0.016574732659547113,-0.004557054300447291
0.74,-0.19708857237892707,-0.14105266143280282,-1.4883853869885582,0.07774089396296184,-0.016573063190586226,-0.004648519633818704
0.75,-0.19455535137699692,-0.1406216993890093,-1.488472193589025,0.084430364713885,-0.016530301958357932,-0.004736786521921514
0.76,-0.191974343759515,-0.140179059249183,-1.4885581088494027,0.0912334557800456,-0.016447133571838142,-0.004821878572651116
0.77,-0.18934476495995506,-0.13972461777357156,-1.4886431313323474,0.09814955147695376,-0.016324184114122252,-0.0049038196484392236
0.78,-0.18666584377661855,-0.13925823556153016,-1.488727260477562,0.10517801444538565,-0.016162017116179928,-0.0049826337062538525
0.79,-0.1839368228297954,-0.1387797577059361,-1.4888104965731384,0.11231817562950522,-0.015961130639742638,-0.0050583447050863645
0.8,-0.18115695890260966,-0.13828901447992709,-1.4888928407284359,0.11956932562692389,-0.015721955368438355,-0.00513097657175411
0.81,-0.17832552317944847,-0.13778582204589399,-1.4889742948479057,0.12693070734143058,-0.015444853607997317,-0.005200553216114279
0.8200000000000001,-0.175441801395179,-0.13726998317764882,-1.4890548616053527,0.13440150986531246,-0.015130119099940914,-0.005267098587614677
0.8300000000000001,-0.17250509390762442,-0.13674128798764223,-1.489134544418215,0.14198086351564615,-0.014777977557117232,-0.00533063676527242
0.84,-0.16951471570501198,-0.13619951465201835,-1.4892133474215148,0.14966783594743635,-0.014388587834015275,-0.005391192074407268
0.85,-0.16646999635933418,-0.13564443012716387,-1.489291275441205,0.1574614292653379,-0.013962043649293692,-0.005448789223314618
0.86,-0.1633702799357772,-0.13507579085223193,-1.4893683339667003,0.16536057805583643,-0.013498375782905102,-0.005503453454334991
0.87,-0.16021492486758973,-0.1344933434328947,-1.4894445291224365,0.17336414826288998,-0.012997554675295668,-0.005555210703971899
0.88,-0.1570033038049921,-0.1338968253023028,-1.489519867638362,0.1814709368313473,-0.012459493361218533,-0.005604087767302588
0.89,-0.15373480344596716,-0.13328596535590184,-1.489594356819302,0.18967967204411507,-0.011884050675721746,-0.005650112462829466
0.9,-0.1504088243560318,-0.13266048455737928,-1.489668004513185,0.1979890144812321,-0.011271034674856524,-0.0056933137940009745
0.91,-0.14702478078336834,-0.13202009651358754,-1.4897408190781487,0.20639755853146416,-0.01062020621852518,-0.005733722104501483
0.92,-0.14358210047499778,-0.13136450801681307,-1.489812809348585,0.21490383438974459,-0.009931282667619227,-0.005771369224823278
0.93,-0.14008022449901,-0.13069341955323932,-1.48988398460019,0.22350631047664019,-0.009203941652139572,-0.005806288607994006
0.9400000000000001,-0.13651860707722363,-0.13000652577688082,-1.4899543545141254,0.23220339621898053,-0.00843782487133745,-0.005838515452935117
0.9500000000000001,-0.13289671543204024,-0.12930351594865658,-1.4900239291404,0.24099344513379817,-0.007632541891022658,-0.0058680868143643344
0.96,-0.12921402965067422,-0.12858407434061533,-1.4900927188605961,0.2498747581607348,-0.006787673907062183,-0.005895041698313879
0.97,-0.12547004256939212,-0.12784788060563604,-1.4901607343500716,0.2588455871910329,-0.005902777447705246,-0.005919421142972553
0.98,-0.1216642596798723,-0.1270946101131973,-1.4902279865397796,0.2679041387441287,-0.0049773879907290125,-0.005941268284785739
0.99,-0.1177961990593049,-0.1263239342520501,-1.4902944865778371,0.27704857774564273,-0.004011023474487889,-0.005960628409938835
1.0,-0.11386539132538874,-0.12553552070083449,-1.49036024579098,0.28627703136322863,-0.0030031876847747066,-0.005977548991753323
1.01,-0.10987137961694317,-0.12472903366786205,-1.4904252756460368,0.29558759285924635,-0.001953373501963153,-0.0059920797147271845
1.02,-0.10581371960044199,-0.12390413410143926,-1.4904895877115427,0.3049783254215753,-0.0008610659952018249,-0.006004272486021558
1.03,-0.10169197950238709,-0.12306047987223864,-1.4905531936196106,0.31444726593605865,0.0002742546475179644,-0.006014181435642237
1.04,-0.09750574016707304,-0.12219772592933494,-1.490616105028161,0.323992428666069,0.0014531103627907493,-0.006021862906268148
1.05,-0.0932545951389466,-0.12131552443161693,-1.4906783335836074,0.3336118088065045,0.002676022636514959,-0.006027375434302946
1.06,-0.08893815076843678,-0.12041352485636171,-1.4907398908840728,0.34330338588117104,0.003943510116338186,-0.006030779723340673
1.07,-0.08455602633981887,-0.11949137408682253,-1.490800788443206,0.35306512695397857,0.005256086417112817,-0.006032138611482645
1.08,-0.08010785421937829,-0.11854871648073259,-1.4908610376546478,0.3628949896256967,0.006614258123688113,-0.006031517034123086
1.09,-0.07559328002185606,-0.11758519392167044,-1.4909206497571883,0.3727909247891819,0.008018522994575991,-0.006028981983368397
1.1,-0.07101196279288516,-0.11660044585526633,-1.4909796358006338,0.3827508791170268,0.009469368369404298,-0.006024602465667396
1.11,-0.06636357520486486,-0.11559410931225798,-1.4910380066123992,0.3927727972565105,0.010967269782582792,-0.0060184494589773695
1.12,-0.061647803763467415,-0.11456581892042764,-1.491095772764818,0.4028546237075622,0.012512689785247506,-0.006010595870570056
1.1300000000000001,-0.056864349021727115,-0.11351520690747188,-1.491152944543159,0.4129943043602286,0.014106076977290986,-0.00600111649670634
1.1400000000000001,-0.052012925798425085,-0.11244190309687367,-1.4912095319143202,0.4231897876688652,0.015747865251116072,-0.00599008798513214
1.1500000000000001,-0.047093263397253685,-0.11134553489886162,-1.4912655444961656,0.43343902544100243,0.017438473248647432,-0.0059775888012056425
1.16,-0.04210510582302289,-0.11022572729855601,-1.4913209915274637,0.44373997321980635,0.019178304033028143,-0.005963699198167929
1.17,-0.03704821199095842,-0.10908210284341532,-1.491375881838375,0.4540905902397242,0.020967744976433396,-0.005948501192225501
1.18,-0.0319223559249362,-0.10791428163211059,-1.4914302238214368,0.4644888389352802,0.022807167865540094,-0.005932078542249235
1.19,-0.026727326940295636,-0.10672188130696937,-1.4914840254029906,0.4749326839842921,0.024696929226094046,-0.005914516734327915
1.2,-0.021462929806686112,-0.10550451705214614,-1.4915372940150018,0.48542009086836707,0.02663737086786501,-0.005895902970550174
1.21,-0.01612898488622789,-0.10426180159968715,-1.4915900365672141,0.49594902393480633,0.028628820651197803,-0.005876326161422889
1.22,-0.010725328242109016,-0.10299334524567041,-1.4916422594196086,0.506517443945622,0.030671593476204295,-0.005855876920935206
1.23,-0.005251811712595443,-0.10169875587861098,-1.4916939683551247,0.5171233051013232,0.032765992495364174,-0.0058346475628233505
1.24,0.00029169705469306653,-0.10037763902232914,-1.4917451685526317,0.527764551529409,0.0349123105499146,-0.005812732096281031
1.25,0.005905314613490241,-0.09902959789548298,-1.49179586456015,0.538439113230184,0.03711083182989082,-0.00579022621913921
1.26,0.011589141779898244,-0.09765423348996402,-1.4918460602683405,0.5491449014755848,0.03936183375700995,-0.0057672273057843195
1.27,0.017343263749078148,-0.09625114467034791,-1.4918957588843136,0.5598798036602736,0.041665589088751294,-0.005743834387018264
1.28,0.023167750272993327,-0.09481992829657333,-1.49194496290583,0.5706416776083059,0.044022368240961396,-0.0057201481185310534
1.29,0.029062655904550205,-0.09336017937199746,-1.491993674096005,0.5814283453400961,0.04643244182599255,-0.005696270734112876
1.3,0.035028020313435125,-0.09187149121894413,-1.4920418934586648,0.5922375863161238,0.04889608340007171,-0.005672305979500271
1.31,0.04106386867878253,-0.09035345568379927,-1.492089621214544,0.6030671301861308,0.05141357241004182,-0.005648359022395543
1.32,0.047170212163522865,-0.08880566337360812,-1.492136856778557,0.6139146490557824,0.053985197334260215,-0.0056245363333993145
1.33,0.05334704847514053,-0.08722770392607723,-1.4921835987384349,0.6247777492964346,0.056611259008367436,-0.0056009455330520855
1.34,0.05959436251731543,-0.08561916631479057,-1.4922298448350588,0.6356539629553998,0.05929207411743319,-0.005577695198980765
1.35,0.06591212713634968,-0.08397963919126451,-1.4922755919448873,0.6465407388129919,0.062027978838770315,-0.005554894627502221
1.36,0.07230030396581913,-0.08230871126530859,-1.4923208360649316,0.6574354331380151,0.06481933261769725,-0.005532653543813217
1.37,0.07875884437237228,-0.0806059717249823,-1.492365572300785,0.6683353002134144,0.06766652205231549,-0.00551108175443006
1.3800000000000001,0.08528769050488429,-0.07887101069719789,-1.4924097948582877,0.6792374827115875,0.07056996486054187,-0.0054902887360627735
1.3900000000000001,0.09188677644837856,-0.07710341974975228,-1.492453497039454,0.6901390020105063,0.07353011389860145,-0.005470383155030906
1.4000000000000001,0.09855602948321784,-0.07530279243526228,-1.4924966712433578,0.7010367485542267,0.07654746119582916,-0.005451472311405005
1.41,0.10529537144903198,-0.07346872487712641,-1.4925393089727244,0.7119274723745399,0.07962254196595567,-0.005433661503190985
1.42,0.11210472021168218,-0.07160081639723777,-1.4925814008470264,0.7228077739042956,0.08275593855010575,-0.005417053305662218
1.43,0.11898399123025734,-0.06969867018472481,-1.4926229366229318,0.7336740952269388,0.08594828424158368,-0.0054017467626875666
1.44,0.125933099219653,-0.06776189400449757,-1.4926639052229782,0.7445227119221687,0.08920026693692795,-0.005387836487424944
1.45,0.13295195990268519,-0.06579010094382151,-1.4927042947733824,0.7553497256820603,0.09251263255217543,-0.0053754116714259375
1.46,0.1400404918439479,-0.06378291019453049,-1.4927440926518933,0.7661510578875604,0.09588618813736706,-0.005364555002939553
1.47,0.14719861835572579,-0.06173994786782093,-1.4927832855466021,0.7769224443538455,0.09932180461567623,-0.005355341496823867
1.48,0.1544262694641878,-0.05966084783783246,-1.492821859526583,0.7876594314679257,0.10282041906755701,-0.005347837241393717
1.49,0.16172338392185498,-0.057545252609424904,-1.4928598001252,0.7983573739564483,0.10638303647429492,-0.00534209806953043
1.5,0.16908991124995643,-0.055392814204704474,-1.492897092436835,0.8090114345382572,0.11001073082884491,-0.005338168164865245
1.51,0.17652581379174231,-0.05320319506193181,-1.4929337212276785,0.81961658573181,0.11370464551550455,-0.005336078616807617
1.52,0.18403106875512237,-0.05097606893945931,-1.4929696710611027,0.8301676141016008,0.11746599285407561,-0.005335845942257904
1.53,0.1916056702201564,-0.04871112181630112,-1.4930049264379401,0.8406591272409698,0.12129605269806065,-0.0053374705950788165
1.54,0.1992496310839514,-0.046408052779836596,-1.493039471951795,0.8510855638012977,0.12519616997119448,-0.0053409354893762815
1.55,0.20696298491241968,-0.04406657488998894,-1.493073292459242,0.8614412068888102,0.12916775102108477,-0.005346204566555601
1.56,0.21474578766513888,-0.041686416008009486,-1.4931063732644805,0.8717202011584676,0.13321225866441017,-0.005353221440715526
1.57,0.22259811925626352,-0.0392673195767424,-1.4931387003176515,0.8819165739406474,0.13733120579424035,-0.005361908161754573
1.58,0.23052008491107784,-0.0368090453379503,-1.4931702604256476,0.8920242607405169,0.1415261474169049,-0.0053721641398401
1.59,0.23851181627438303,-0.03431136997095534,-1.4932010414737922,0.9020371354510357,0.14579867098370689,-0.005383865279495801
1.6,0.24657347222350207,-0.03177408763550345,-1.4932310326562988,0.9119490456167172,0.15015038488205315,-0.00539686337576555
1.61,0.25470523933531436,-0.029197010400405305,-1.4932602247128839,0.9217538530780208,0.15458290495100302,-0.005410985828070139
1.62,0.2629073319534338,-0.02657996853815712,-1.4932886101683551,0.9314454803148009,0.1590978388881506,-0.00542603573111767
1.6300000000000001,0.2711799917984603,-0.02392281066441396,-1.4933161835714084,0.9410179627895416,0.1636967684186848,-0.005441792403915143
1.6400000000000001,0.2795234870612268,-0.02122540369989611,-1.4933429417282482,0.950465507568256,0.16838122910356412,-0.005458012419956864
1.6500000000000001,0.28793811091618426,-0.018487632631077614,-1.4933688839260288,0.9597825584673816,0.1731526876748339,-0.005474431205641015
1.6600000000000001,0.296424179389573,-0.015709400044875452,-1.493394012140488,0.9689638679383009,0.1780125168005794,-0.005490765293820959
1.67,0.30498202851487693,-0.012890625411511387,-1.4934183312215343,0.9780045758770783,0.1829619671576316,-0.0055067151914117395
1.68,0.313612010706348,-0.010031244088736024,-1.4934418490499757,0.9869002954620232,0.18800213673998922,-0.005521968952580535
1.69,0.3223144902802898,-0.007131206019812472,-1.4934645766580312,0.9956472060505973,0.19313393737666434,-0.005536206625996149
1.7,0.33108983805326947,-0.0041904740970982735,-1.493486528305797,1.004242153147099,0.19835805839684462,-0.005549105502365277
1.71,0.3399384249465086,-0.0012090221627073447,-1.4935077215054604,1.012682755344849,0.20367492743569288,-0.005560346200298718
1.72,0.34886061452664907,0.0018131673823569491,-1.4935281769847715,1.0209675180536146,0.2090846684038082,-0.0055696196170117555
1.73,0.3578567544149643,0.00487610638900067,-1.4935479185811178,1.0290959537255542,0.21458705667401456,-0.005576634746481032
1.74,0.366927166499952,0.007979804218637213,-1.4935669730575232,1.0370687081723535,0.2201814715793534,-0.0055811273527881814
1.75,0.37607213589231975,0.01112427147651266,-1.4935853698320218,1.0448876924392205,0.22586684635929496,-0.005582869469834115
1.76,0.3852918985667157,0.014309524245317326,-1.4936031406121373,1.0525562195622375,0.2316416157389869,-0.005581679682934474
1.77,0.39458662764129343,0.01753558884279373,-1.4936203189266506,1.0600791453811198,0.2375036613800371,-0.005577434131345838
1.78,0.4039564182544792,0.020802507124666608,-1.493636939547449,1.0674630124138658,0.24345025549971208,-0.0055700781570880145
1.79,0.4134012710082436,0.024110342351251486,-1.4936530377949855,1.0747161956158404,0.2494780030203037,-0.005559638512784675
1.8,0.4229210739589572,0.02745918563248092,-1.4936686487217683,1.081849048647013,0.25558278268114926,-0.005546236033608854
1.81,0.4325155831506685,0.03084916296176276,-1.4936838061692272,1.0888740490597983,0.2617596876219667,-0.005530098674855273
1.82,0.4421844017015221,0.03428044284399794,-1.4936985416943123,1.0958059405922835,0.2680029660286585,-0.005511574820666769
1.83,0.4519269574721847,0.03775324451717403,-1.4937128833631035,1.1026618705137912,0.2743059625202937,-0.005491146781190086
1.84,0.46174247936567697,0.04126784676016352,-1.4937268544095514,1.1094615197206945,0.28066106104902233,-0.0054694444172605295
1.85,0.47162997233103243,0.04482459727163837,-1.4937404717580747,1.1162272230105792,0.2870596301851291,-0.005447258865388912
1.86,0.48158819116891993,0.04842392259629032,-1.4937537444090052,1.1229840766816435,0.2934919717653429,-0.005425556381208203
1.87,0.4916156132659015,0.05206633856476509,-1.4937666716857048,1.1297600303126185,0.29994727399358756,-0.005405492379876845
1.8800000000000001,0.5017104104154401,0.05575246120282739,-1.4937792413413755,1.1365859592814558,0.30641357019853666,-0.005388425825733318
1.8900000000000001,0.511870419918194,0.05948301805322918,-1.493791427522077,1.1434957142765112,0.31287770457188263,-0.005375934211848925
1.9000000000000001,0.5220931151915931,0.06325885984051538,-1.4938031885800476,1.150526143738007,0.31932530633587686,-0.005369829471993672
1.9100000000000001,0.5323755761593153,0.06708097239451542,-1.4938144647280085,1.1577170848565592,0.32574077391473527,-0.00537217527880874
1.92,0.542714459735018,0.07095048873252266,-1.4938251755205862,1.1651113184334847,0.3321072708150158,-0.005385306302449407
1.93,0.5531059707616237,0.0748687011831138,-1.4938352171432492,1.1727544825946234,0.33840673505052227,-0.005411850124329787
1.94,0.5635458338175504,0.07883707341620384,-1.493844459482207,1.1806949400594584,0.3446199040740858,-0.005454752617705347
1.95,0.5740292663542524,0.08285725222430926,-1.493852742940603,1.1889835933610997,0.3507263573102948,-0.005517307706895635
1.96,0.584550953685486,0.08693107887905155,-1.4938598749572138,1.1976736421346805,0.3567045785091104,-0.005603192491281407
1.97,0.5951050264075372,0.09106059986473354,-1.4938656261740064,1.2068202763595164,0.3625320402557575,-0.005716508752243171
1.98,0.6056850408907944,0.09524807676746765,-1.4938697261887204,1.2164802992072685,0.36818531308761815,-0.005861831834030964
1.99,0.6162839635465289,0.09949599507382739,-1.4938718588187367,1.2267116729506407,0.37364020177515905,-0.006044267780516007
2.0,0.6268941596381954,0.10380707160742397,-1.49387165679367,1.2375729812602583,0.3788719114120198,-0.0062695193994013534
2.0100000000000002,0.6375073874732968,0.10818426030535785,-1.4938686957874068,1.2491228011262476,0.3838552460365261,-0.0065439615834856565
2.02,0.6481147988794826,0.11263075600927316,-1.4938624876970152,1.2614189776045368,0.38856484256734736,-0.006874725719484191
2.0300000000000002,0.6587069469365576,0.11714999591791533,-1.4938524730776483,1.274517794635655,0.3929754428728892,-0.007269792328390114
2.04,0.6692738020035938,0.12174565831989645,-1.493838012651115,1.2884730353246971,0.3970622068027778,-0.007738090178799875
2.05,0.679804777146457,0.12642165819708934,-1.4938183778233878,1.3033349253222184,0.400801068984173,-0.008289598967557812
2.06,0.6902887641346587,0.1311821392610436,-1.4937927401753648,1.3191489532803395,0.4041691421313075,-0.008935451244434903
2.07,0.700714181236699,0.13603146195733323,-1.4937601599344352,1.335954562852963,0.4071451695130983,-0.009688027551952309
2.08,0.711069034098384,0.14097418694629615,-1.4937195734946909,1.3537837113888072,0.40971002906824355,-0.01056103674782052
2.09,0.7213409910370916,0.14601505354371763,-1.4936697801339394,1.3726592913103453,0.41184729152721933,-0.011569571309745999
2.1,0.7315174741246749,0.15115895258177528,-1.4936094281789525,1.3925934110795455,0.41354383471865713,-0.012730125280451969
2.11,0.7415857674615365,0.15641089313130557,-1.493537000999734,1.4135855348383046,0.41479051437840114,-0.01406055567979404
2.12,0.7515331440612208,0.16177596251126403,-1.4934508033706915,1.4356204794883252,0.415582894369219,-0.015579974246473007
2.13,0.7613470127647314,0.16725927900023108,-1.4933489489234228,1.4586662721314005,0.4159220354402858,-0.01730854407025512
2.14,0.7710150865843233,0.17286593665969546,-1.493229349633909,1.4826718715901945,0.4158153430667927,-0.019267157095782576
2.15,0.7805255738337806,0.1786009416809397,-1.4930897085345576,1.5075647609917955,0.415277473189832,-0.021476965056939017
2.16,0.7898673933328895,0.18446913967924047,-1.4929275171157803,1.5332484220489566,0.41433129284187653,-0.023958734390416812
2.17,0.7990304148729628,0.19047513338115307,-1.4927400591789048,1.559599704110986,0.41300889301027455,-0.026731993722184107
2.18,0.8080057259940264,0.19662319018464358,-1.492524423214093,1.5864661058415943,0.4113526486461034,-0.029813942551586575
2.19,0.816785925947304,0.2029171391206635,-1.4922775256912826,1.6136629918811534,0.4094163192949926,-0.033218090986303905
2.2,0.8253654474930743,0.209360256809979,-1.49199614795363,1.6409707713648576,0.4072661821196668,-0.036952603717040164
2.21,0.8337409069152621,0.2159551420913676,-1.4916769896710655,1.6681320698750484,0.40498218725602114,-0.0410183273714476
2.22,0.8419114823183421,0.222703579097875,-1.4913167420201718,1.6948489313849129,0.4026591234952033,-0.045406489587861046
2.23,0.8498793199065613,0.2296063886778973,-1.490912183873211,1.7207800912849174,0.40040778040676694,-0.05009607122685105
2.24,0.8576499675345751,0.23666326819670302,-1.4904603042649487,1.7455471101298115,0.3983539670734057,-0.05505179139056439
2.25,0.8652327469222107,0.24387264115230306,-1.4899584450092467,1.768773810456763,0.3966292040233471,-0.06022586258364936
2.2600000000000002,0.8726407315025719,0.2512315998737139,-1.4894044257640549,1.790139509390435,0.3953574704737959,-0.0655629360049067
2.27,0.8798901919455353,0.2587359807485278,-1.4887966196435691,1.8093957969231347,0.3946503694358653,-0.07100303897715757
2.2800000000000002,0.886999873899813,0.26638048780119833,-1.4881339994562324,1.8263601597551187,0.39460779403520946,-0.07648270274054307
2.29,0.8939903394979023,0.2741588096099088,-1.4874161726650008,1.8409118021105322,0.39531805316550084,-0.08193657273263917
2.3000000000000003,0.9008833506540876,0.2820637349687224,-1.486643400245057,1.8529848785740612,0.39685878677615016,-0.08729883733221758
2.31,0.9077013200352179,0.2900872593986979,-1.4858166012543703,1.8625599820777925,0.3992984897329469,-0.09250437613047865
2.32,0.9144668471526758,0.2982206764222694,-1.4849373459218702,1.8696564618942713,0.40269793330689563,-0.09748984836161655
2.33,0.9212023312754134,0.3064546546246357,-1.4840078378516588,1.8743255003710564,0.4071114784154013,-0.10219467252901192
2.34,0.9279296535765641,0.3147793015846627,-1.4830308864313249,1.8766438894705035,0.41258827490772215,-0.1065618629565748
2.35,0.9346699215155146,0.3231842158148813,-1.4820098708751117,1.8767084570397592,0.41917334140042595,-0.11053870307752056
2.36,0.941443268958073,0.3316585279051029,-1.4809486975345643,1.8746310990648314,0.4269085204337356,-0.1140772479969018
2.37,0.9482687059748316,0.34019093211646256,-1.4798517521839036,1.8705343786404036,0.43583330402991266,-0.1171346597867337
2.38,0.9551640126505176,0.34876970972188276,-1.4787238489527872,1.8645476555229532,0.44598552508001976,-0.11967338787858575
2.39,0.9621456715984474,0.3573827454346806,-1.477570177455456,1.8568037123254302,0.45740191035404604,-0.12166121376245081
2.4,0.96922883421363,0.3660175383090838,-1.4763962494731775,1.8474358449613124,0.47011849129775934,-0.12307118405358337
2.41,0.9764273160219934,0.3746612085347767,-1.4752078463062799,1.83657538610771,0.4841708691297875,-0.12388145900266385
2.42,0.9837536167955188,0.38330050158245066,-1.4740109676413067,1.8243496314152654,0.4995943310672492,-0.1240751048915947
2.43,0.9912189614058008,0.39192179118903675,-1.4728117824944131,1.81088013912056,0.5164238147455016,-0.1236398587045618
2.44,0.9988333576818993,0.40051108269294394,-1.471616582505291,1.7962813739483845,0.5346937180407252,-0.12256788956045614
2.45,1.006605667819294,0.4090540182207702,-1.4704317375688452,1.7806596636027812,0.5544375526251427,-0.1208555706206112
2.46,1.014543690165071,0.41753588542135595,-1.4692636536093608,1.7641124661707588,0.5756874357074794,-0.11850335322146804
2.47,1.0226542484727865,0.425941631324382,-1.4681187320336873,1.7467278811521028,0.5984734204445727,-0.11551564327110267
2.48,1.0309432859703223,0.43425588283200944,-1.4670033301825443,1.728584410269696,0.6228226610089898,-0.11190077631831698
2.49,1.0394159618200154,0.4424629755621165,-1.4659237220310133,1.7097509384464646,0.6487584091366398,-0.1076710787090543
2.5,1.0480767477694268,0.45054699272811694,-1.4648860582773415,1.6902869143568084,0.676298838667238,-0.10284301846123951
2.5100000000000002,1.0569295229970324,0.4584918157751942,-1.4638963249228445,1.670242711593299,0.7054556942174933,-0.09743744403500769
2.52,1.0659776653467423,0.4662811885313654,-1.4629602994639248,1.6496601532864055,0.7362327598248566,-0.09147990348562247
2.5300000000000002,1.0752241373167977,0.47389879667338486,-1.4620835038923372,1.6285731846465423,0.7686241430815159,-0.08500103055069216
2.54,1.084671565323938,0.4813283643522641,-1.4612711538343293,1.6070086795064342,0.8026123700960985,-0.07803697812037856
2.5500000000000003,1.0943223109029814,0.4885537698697711,-1.4605281033547826,1.5849873684504203,0.8381662866384502,-0.07062987332002547
2.56,1.1041785326261384,0.49555918234366286,-1.4598587852101907,1.5625248774849034,0.8752387611400401,-0.06282826218539027
2.57,1.1142422376368912,0.5023292213426238,-1.4592671466545055,1.5396328688459648,0.9137641864306034,-0.05468750608495335
2.58,1.124515321777357,0.5088491415029991,-1.458756581280333,1.5163202721050577,0.9536557769354239,-0.04627008516204245
2.59,1.1349995974065186,0.5151050441720859,-1.4583298578252297,1.4925945958814857,0.9948026605088136,-0.03764575891569592
2.6,1.1456968081036938,0.5210841181308874,-1.4579890473716621,1.4684633181208548,1.0370667692714928,-0.028891531125036406
2.61,1.1566086294721103,0.5267749114054397,-1.4577354508971352,1.443935345533735,1.080279535199018,-0.020091361259531804
2.62,1.1677366553516206,0.5321676361182128,-1.4575695297095705,1.4190225309047644,1.1242384006433443,-0.011335562328118534
2.63,1.179082368862609,0.5372545082290998,-1.4574908419034809,1.3937412404993765,1.1687031615227172,-0.0027198265932891143
2.64,1.1906470977810166,0.5420301238379721,-1.4574979885582235,1.3681139608986679,1.213392167742767,0.005656176357569701
2.65,1.2024319538512718,0.5464918734749244,-1.4575885739546806,1.3421709327022595,1.2579784139337686,0.013690677542027326
2.66,1.2144377557697206,0.5506403954732214,-1.4577591845703013,1.3159517962192144,1.3020855631637298,0.021282199050077135
2.67,1.2266649357201727,0.554480069093066,-1.4580053919777938,1.289507231568999,1.3452839566169068,0.028332476092928653
2.68,1.2391134295192368,0.5580195475340496,-1.4583217849631835,1.262900572217752,1.387086672578293,0.03474990555129954
2.69,1.2517825506391878,0.5612723303403299,-1.4587020361281335,1.2362093679192498,1.4269457083654702,0.040453483905253725
2.7,1.2646708486167824,0.5642573739656833,-1.4591390078702302,1.2095268709282014,1.464248368518605,0.045377156318573246
2.71,1.2777759526182066,0.566999738431903,-1.4596249018526564,1.1829746592440948,1.4983071811775162,0.049471054193544486
2.72,1.2910942887932693,0.5695313347940648,-1.460151420847828,1.1567373969013826,1.5283363559171592,0.05269661397588897
2.73,1.3046204500524015,0.571891907992699,-1.4607098817673512,1.1311032950637856,1.5534234417476993,0.055021182444176545
2.74,1.3183461612631628,0.5741303030849517,-1.4612912747430147,1.1064778075266961,1.57251762804711,0.05642168964790011
2.75,1.3322591075277663,0.5763058484180907,-1.4618863589352187,1.0830105533896481,1.5846105927867182,0.0569954833553783
2.7600000000000002,1.3463454932765333,0.5784879302638481,-1.4624868666839093,1.0601378091262879,1.5889498734858338,0.057078021404107136
2.77,1.3605971764910958,0.5807534336761384,-1.4630878845809594,1.036780534992832,1.584927189668348,0.05716494683674866
2.7800000000000002,1.3750168227228872,0.5831853000451703,-1.4636894552911393,1.0121526068818436,1.5724602791807654,0.05767659207324198
2.79,1.3896149749117979,0.5858672334237619,-1.464295821542635,0.9862077771204563,1.5524900159450055,0.05879881523311263
2.8000000000000003,1.4044023433897554,0.5888739713517196,-1.4649131116983236,0.9591660112631185,1.5261788171257749,0.06061450911472168
2.81,1.4193877649471223,0.5922681794906621,-1.4655482598638307,0.9309219645625738,1.4944870987152934,0.06322562528973326
2.82,1.4345811419249168,0.59610290127374,-1.4662092197192895,0.9010960878146385,1.4581469781132892,0.06675544520370756
2.83,1.4499961852347665,0.6004238402188823,-1.4669051778014737,0.8698527168488904,1.4180994507275868,0.07113660838097012
2.84,1.4656449763795754,0.6052672705848495,-1.4676446470642686,0.8379023234360566,1.3754962549158656,0.07611962734938774
2.85,1.4815325068791656,0.6106579294700835,-1.4684336455848415,0.805541847884745,1.3312171485461857,0.08153586284586653
2.86,1.497660812479709,0.6166117407494817,-1.4692765071530511,0.7733762863838765,1.2862809528251795,0.08711273670647628
2.87,1.5140259060499008,0.6231344034835964,-1.4701748844615845,0.7425190793054296,1.2419300994914384,0.09245230514129826
2.88,1.5306126720233608,0.6302191862051464,-1.4711264017290515,0.7139414258443576,1.1992480406470583,0.09720489392384707
2.89,1.547396301555338,0.6378485004969161,-1.4721251873782437,0.6884726823514234,1.1591633454839083,0.10108391671064879
2.9,1.5643437109359057,0.6459954503546304,-1.4731625048563353,0.6668017132599002,1.1224515783506017,0.10387216623366875
2.91,1.5814149467222407,0.6546253624646117,-1.4742274462403437,0.6494775920514608,1.0897369779550914,0.10542422562831112
2.92,1.5985645839911948,0.6636972995087725,-1.475307649971777,0.6369096401917954,1.06149378805526,0.1056652265259809
2.93,1.6157431242602152,0.673165560082095,-1.4763900062146904,0.6293668487502609,1.038047178028868,0.10458641055962577
2.94,1.6328983992133148,0.6829811693753762,-1.477461317864288,0.6269767645499627,1.0195737615347449,0.10223812517811753
2.95,1.6499769855701507,0.6930933646658136,-1.4785088915385465,0.6297239428347043,1.0061017671015735,0.09872100513832535
2.96,1.6669256354256958,0.7034510791063302,-1.479521040401666,0.6374480734864115,0.9975109378757379,0.09417615934963491
2.97,1.6836927253219067,0.7140044265261433,-1.4804874888676862,0.6498418810404716,0.9935322433704773,0.08877520028873954
2.98,1.7002297263122532,0.7247061891239228,-1.4813996776066802,0.6664488844428146,0.9937474791712029,0.0827109204506847
2.99,1.7164926964214897,0.7355133091740407,-1.4822509753218343,0.6866610852236006,0.9975888165769418,0.07618933673171442
3.0,1.7324437962167278,0.7463883852460433,-1.4830368109754029,0.7097435993259535,1.0043536603108136,0.0694186532963066
3.0100000000000002,1.7480525580537147,0.7573010198558897,-1.4837546956474996,0.7349112743137234,1.0132482485904255,0.06259195820934149
3.02,1.7632963891450846,0.7682287311244883,-1.4844040713647642,0.76141003554882,1.023448845623688,0.0558728298024539
3.0300000000000002,1.7781602611615617,0.7791572525183184,-1.4849860159957784,0.7885598659958658,1.03417450220069,0.04938966463505966
3.04,1.7926359700306875,0.7900801049900238,-1.4855028914287884,0.8157718422083157,1.0447458262268665,0.043236007975165885
3.0500000000000003,1.8067212253723361,0.800997581418151,-1.4859579950565893,0.8425491630017778,1.0545996323951503,0.03747542998896526
3.06,1.820418729645468,0.8119155845529298,-1.4863552600253964,0.8684800284639875,1.063280843595788,0.03214789128574925
3.0700000000000003,1.8337353285043396,0.8228445459487148,-1.486699019141057,0.8932305410999006,1.070434422283764,0.027275022127764816
3.08,1.8466812321445722,0.8337984255813015,-1.4869938215691045,0.9165377138730264,1.0757974459044224,0.022864327960808613
3.09,1.8592693065529047,0.8447937903117664,-1.4872442915317783,0.9382021804287249,1.079192122178572,0.018912444241051138
3.1,1.8715144329825313,0.8558489696855651,-1.4874550193125733,0.9580834575889744,1.080521193177555,0.015407154087148366
3.11,1.883432923381571,0.8669832449119623,-1.4876304728405056,0.9760971904542736,1.0797778840687955,0.01232778276815247
3.12,1.8950419597574961,0.8782159436061399,-1.4877749132860456,0.9922096118415826,1.0770415280637917,0.00964629055587932
3.13,1.906359088533432,0.8895655788831787,-1.4878923214125936,1.006425673178363,1.0724450207826315,0.007330252862975536
3.14,1.9174018335941478,0.9010493139067303,-1.487986353729058,1.018782666769659,1.0661627759184145,0.005343963242259987
3.15,1.928187373107207,0.9126825468803939,-1.488060309672175,1.0293496968296407,1.0584219240634476,0.003647670987455234
3.16,1.9387322216309533,0.9244783840510578,-1.4881170911646107,1.0382238514474156,1.0495012749066188,0.0021979580539618227
3.17,1.9490519504993749,0.9364471230912604,-1.4881591659420774,1.0455239286370532,1.0397207382154974,0.0009490366576510722
3.18,1.959160970942497,0.9485958422733879,-1.4881885438562672,1.051383628587776,1.0294277513157786,-0.0001455956555817461
3.19,1.969072385279826,0.9609281253713078,-1.4882067697283445,1.0559447258298338,1.0189828063181823,-0.0011313411911607978
3.2,1.978797906387294,0.9734439312924682,-1.4882149343505076,1.0593517868826448,1.0087501555852276,-0.0020510491252943813
3.21,1.9883478299825135,0.9861395566585016,-1.4882137000172655,1.0617479382359387,0.9990919855745242,-0.002943818470142184
3.22,1.9977310492247125,0.9990076566509454,-1.488203338026989,1.0632706727258276,0.9903623577708935,-0.003843816474692943
3.23,2.006955111245092,1.0120373264515306,-1.488183777999399,1.064047640316231,0.9829008130107677,-0.0047791688233651715
3.24,2.016026315763329,1.025214246643406,-1.4881546682910272,1.0641923691559207,0.9770255385131679,-0.005770975715203898
3.25,2.0249498564872104,1.0385208969464923,-1.4881154462498538,1.0637988286443063,0.973022430528369,-0.0068322425146291575
3.2600000000000002,2.0337300168751278,1.0519368793310109,-1.48806541916342,1.0629341382051347,0.9711279498318452,-0.007966653647260446
3.27,2.0423704388041455,1.0654394125809414,-1.488003857467964,1.0616309991168,0.9715116526582112,-0.009167673733471122
3.2800000000000002,2.0508744669129197,1.0790040015531834,-1.487930096946216,1.0598806250265538,0.9742612221770418,-0.010418143969733356
3.29,2.0592455636324143,1.0926052561272594,-1.487843644961435,1.057628306240015,0.9793761476112887,-0.011690727561535039
3.3000000000000003,2.067487768566187,1.1062177733699643,-1.4877442822446876,1.0547733703561917,0.9867747315124199,-0.01294934812503604
3.31,2.0756061582578895,1.1198169496311423,-1.4876321502868302,1.0511688149507294,0.9962993619253173,-0.014150363383266609
3.3200000000000003,2.0836073096243384,1.1333797399236436,-1.4875078269927167,1.0466196176677267,1.0077166183327466,-0.015243203093467276
3.33,2.091499780279788,1.146885416250111,-1.4873723959604952,1.040892474259958,1.0207474396837632,-0.0161729538145126
3.34,2.099294491472117,1.1603160242552402,-1.4872274899132745,1.0337864875386558,1.0351123177429076,-0.016891544777035094
3.35,2.1070044041217106,1.173656387950376,-1.4870752222721306,1.0252522481042037,1.0505344782861898,-0.017375396225055854
3.36,2.114643004045131,1.1868940826320653,-1.486917942245742,1.0154051775192567,1.0667348265323757,-0.01762835234641786
3.37,2.122222653739057,1.2000194583522625,-1.4867579605907668,1.0044207572257116,1.0834510299879099,-0.017667391429466512
3.38,2.129753991866922,1.2130254725661351,-1.4865974182707011,0.99246816446857,1.1004494661304898,-0.017512766122437625
3.39,2.137245996378119,1.2259074033091295,-1.4864382537121765,0.9797035094427964,1.1175248757237515,-0.017186288939828157
3.4,2.144706115247421,1.2386625658470487,-1.4862821872062322,0.9662700227424305,1.134498512721401,-0.016710614400981916
3.41,2.1521403953315072,1.2512900478333062,-1.4861307124882221,0.9522983570861027,1.15121627832034,-0.01610859077027369
3.42,2.1595536081997295,1.2637904631319157,-1.485985094800342,0.9379069785917483,1.1675468619607283,-0.01540269608327732
3.43,2.166949372043549,1.276165724236806,-1.485846374593903,0.9232026226712503,1.183379909801889,-0.01461456502790429
3.44,2.1743302690183195,1.2884188330127553,-1.4857153759628066,0.9082808053287407,1.1986242358620183,-0.013764609317631344
3.45,2.1816979574633213,1.3005536893313543,-1.485592718873289,0.893226388357176,1.2132060866923102,-0.01287173066782613
3.46,2.189053278460946,1.3125749170667107,-1.485478834263906,0.8781141784616886,1.2270674713076393,-0.011953119194944717
3.47,2.196396356395684,1.32448770679837,-1.4853739811615307,0.8630095434408278,1.2401645655214417,-0.011024128068017346
3.48,2.2037266933422366,1.3362976744774704,-1.4852782650508338,0.8479690401634017,1.2524661959814019,-0.010098215528408033
3.49,2.211043257164715,1.3480107352591604,-1.4851916568235741,0.833041046156963,1.2639524080899671,-0.009186944182670164
3.5,2.2183445632907146,1.3596329916624816,-1.4851140117349593,0.8182663877882669,1.27461312042818,-0.00830002744047328
3.5100000000000002,2.2256287501942515,1.371170635192731,-1.4850450878956365,0.8036789590840671,1.2844468669674982,-0.007445413349808228
3.52,2.2328936486810798,1.3826298605484648,-1.4849845639253354,0.7893063262205444,1.29345962722974,-0.006629396754982666
3.5300000000000002,2.240136845119618,1.394016791533697,-1.48493205548494,0.775170313584167,1.3016637436140697,-0.00585675156838974
3.54,2.2473557388017356,1.4053374178035716,-1.4848871304858537,0.7612875735179057,1.3090769234069326,-0.005130876781733488
3.5500000000000003,2.254547593596688,1.4165975415965897,-1.4848493228390678,0.7476701313072593,1.3157213245361263,-0.0044539487050436226
3.56,2.2617095841453154,1.4278027336165748,-1.4848181446768351,0.7343258922836762,1.321622724483111,-0.003827071435579309
3.5700000000000003,2.268838836971682,1.4389582972358799,-1.4847930970529595,0.721259123068825,1.3268097648814532,-0.003250432005202219
3.58,2.275932466780935,1.4500692402459454,-1.4847736791470845,0.7084709092013192,1.331313271417965,-0.0027234414116550404
3.59,2.2829876081654255,1.461140253424754,-1.4847593960202086,0.6959595835103035,1.3351656434084498,-0.002244871209208606
3.6,2.290001443019733,1.4721756952126506,-1.4847497650089991,0.6837211238797202,1.3384003107383449,-0.0018129792423348667
3.61,2.2969712239693783,1.4831795818244669,-1.4847443208629003,0.6717495213121762,1.341051253993339,-0.0014256239631419744
3.62,2.303894294110282,1.494155582165949,-1.4847426197380778,0.6600371192253474,1.3431525837587623,-0.0010803668502692761
3.63,2.310768103346784,1.5051070169626544,-1.4847442421671804,0.6485749246580259,1.3447381751574226,-0.0007745627965282623
3.64,2.317590221609214,1.5160368615487754,-1.4847487951252336,0.6373528913265244,1.3458413538727159,-0.0005054385365707168
3.65,2.32435834923266,1.5269477518008945,-1.4847559133112676,0.6263601754556178,1.3464946298097231,-0.00027015958735536136
3.66,2.33107032476927,1.537841992740131,-1.4847652597605492,0.6155853659662276,1.346729474528561,-6.588645581743807e-05
3.67,2.3377241304906686,1.5487215693648149,-1.4847765258947518,0.6050166901987908,1.3465761387681603,0.00011017907490597461
3.68,2.3443178958252213,1.5595881593126222,-1.484789431109275,0.5946421961449078,1.346063506551286,0.00026075672740563595
3.69,2.3508498989652034,1.5704431469862201,-1.4848037219883965,0.5844499124812002,1.3452189824426182,0.0003884586436138744
3.7,2.3573185668659513,1.5812876388107264,-1.4848191712295735,0.5744279876661431,1.3440684086888488,0.0004957674969932428
3.71,2.363722473846491,1.592122479324023,-1.4848355763488819,0.5645648093766806,1.3426360091230025,0.000585020891158647
3.72,2.3700603389883583,1.6029482678321263,-1.4848527582304536,0.5548491061000672,1.3409443567754666,0.000658401092743693
3.73,2.3763310225111836,1.6137653753923933,-1.4848705595732574,0.5452700323343749,1.3390143623686468,0.0007179292583537254
3.74,2.382533521289062,1.6245739619155806,-1.4848888432801624,0.5358172383597231,1.3368652811302943,0.0007654634519403327
3.75,2.388666963662124,1.6353739932034161,-1.4849074908271878,0.5264809257228587,1.3345147354929643,0.0008026997881916988
3.7600000000000002,2.3947306036862845,1.6461652577626695,-1.4849264006442016,0.517251889779726,1.331978751372954,0.0008311760736739456
3.77,2.4007238149507186,1.65694738325978,-1.4849454865320406,0.5081215507750203,1.3292718058554867,0.0008522773655568333
3.7800000000000002,2.4066460840777957,1.6677198525018249,-1.4849646761352298,0.49908197476020977,1.3264068843130197,0.0008672429585682034
3.79,2.41249700400722,1.6784820188493441,-1.4849839094845834,0.49012587915520356,1.3233955463192775,0.0008771753224525868
3.8000000000000003,2.4182762672180416,1.6892331209729206,-1.4850031376291903,0.4812466360425389,1.32024799654897,0.0008830488600107783
3.81,2.4239836589113466,1.6999722969034963,-1.4850223213559914,0.47243827430811425,1.3169731591628853,0.000885718216958375
3.8200000000000003,2.429619050165271,1.7106985973414357,-1.4850414299924661,0.46369546345573986,1.313578757628414,0.0008859285555406398
3.83,2.435182391245737,1.7214109981698147,-1.4850604403120977,0.4550134983463332,1.3100713954459284,0.0008843248620049455
3.84,2.44067370506397,1.7321084121624748,-1.4850793355333605,0.4463882855303858,1.3064566368269763,0.0008814603198345071
3.85,2.446093080764538,1.7427896998876728,-1.4850981044019629,0.43781631973245405,1.3027390885577717,0.0008778053065833296
3.86,2.451440667542545,1.7534536797953577,-1.4851167403626164,0.42929465735149525,1.2989224810829696,0.000873755943789425
3.87,2.456716668720327,1.7640991374952057,-1.4851352408166996,0.4208208875705917,1.2950097482170295,0.0008696422831453349
3.88,2.4619213361074683,1.7747248342392437,-1.4851536064612914,0.41239310161609777,1.2910031049648332,0.0008657366417341516
3.89,2.4670549646621676,1.7853295146288,-1.4851718407053756,0.4040098609009081,1.2869041225087106,0.0008622595935812014
3.9,2.4721178874669443,1.795911913570963,-1.4851899491583596,0.39567016419027634,1.282713800514724,0.0008593870607009014
3.91,2.477110471027105,1.8064707625138792,-1.4852079391852735,0.3873734143975821,1.2784326361422873,0.0008572566277540944
3.92,2.482033110896017,1.8170047949932648,-1.4852258195236918,0.3791193853677875,1.2740606895311763,0.0008559732127264004
3.93,2.4868862276275587,1.8275127515249723,-1.4852435999573428,0.37090818895736194,1.2695976456006406,0.0008556142377801688
3.94,2.4916702630529155,1.8379933838803513,-1.4852612910414185,0.36274024268813954,1.265042872032661,0.0008562343171809618
3.95,2.496385676876077,1.8484454587823975,-1.4852789038747578,0.35461623821208094,1.2603954733642424,0.0008578694816803721
3.96,2.5010329435800642,1.8588677610614575,-1.4852964499142713,0.3465371107861176,1.25565434116042,0.0008605409613111095
3.97,2.505612549633886,1.8692590963095252,-1.4853139408271856,0.33850400992147917,1.2508182002807757,0.000864258549725963
3.98,2.5101249909886065,1.8796182930720473,-1.4853313883769266,0.33051827134000794,1.245885651287887,0.0008690235745393135
3.99,2.514570770849567,1.8899442046156616,-1.4853488043387004,0.32258139034080346,1.2408552090767992,0.0008748314983165718
4.0,2.5189503977107783,1.9002357103095167,-1.4853662004410773,0.3146949966542215,1.2357253378304527,0.0008816741751342369
4.01,2.523264383636719,1.9104917166567488,-1.4853835883301345,0.30686083083658355,1.2304944824276802,0.0008895417872444659
4.0200000000000005,2.5275132427762634,1.9207111580114509,-1.485400979552959,0.29908072223758037,1.2251610964479422,0.0008984244860226789
4.03,2.531697490093111,1.9308929970150068,-1.485418385557552,0.291356568553634,1.2197236669310194,0.0009083137608221804
4.04,2.535817640296993,1.9410362247840947,-1.4854358177064144,0.283690316963761,1.2141807360605914,0.0009192035585930538
4.05,2.539874206959934,1.9511398608809656,-1.4854532873013202,0.2760839468300413,1.2085309199483762,0.000931091176345854
4.0600000000000005,2.54386770180204,1.9612029530948445,-1.4854708056170065,0.26853945393248946,1.2027729247005823,0.0009439779478533613
4.07,2.547798634131601,1.971224577061474,-1.4854883839417223,0.26105883619748216,1.1969055599511473,0.0009578697446816362
4.08,2.5516675104246636,1.9812038357459871,-1.4855060336227777,0.2536440808699578,1.1909277500468982,0.0009727773112922515
4.09,2.5554748340297797,1.9911398588124332,-1.4855237661154357,0.24629715307219935,1.1848385430686175,0.0009887164524922777
4.1,2.5592211049841587,2.001031801901452,-1.4855415930336688,0.23901998568640376,1.1786371178691601,0.0010057080908563243
4.11,2.5629068199281173,2.0108788458357667,-1.485559526201481,0.2318144704933911,1.1723227893058066,0.001023778210734464
4.12,2.566532472105377,2.020680195771411,-1.4855775777036575,0.22468245049677493,1.1658950118385931,0.0010429577042578681
4.13,2.5700985514374706,2.0304350803108724,-1.4855957599349685,0.21762571335993403,1.1593533816602593,0.0010632821339853359
4.14,2.5736055446612456,2.0401427505926835,-1.4856140856469837,0.2106459858811227,1.1526976375165172,0.0010847914256737951
4.15,2.5770539355192033,2.0498024793704146,-1.485632567991808,0.2037449294317364,1.1459276603677662,0.0011075295039727835
4.16,2.580444204993156,2.0594135600924908,-1.485651220562161,0.19692413628327993,1.139043472035584,0.0011315438823031776
4.17,2.5837768315724348,2.0689753059928453,-1.4856700574273407,0.1901851267510573,1.1320452329669923,0.001156885218124052
4.18,2.5870522915486034,2.0784870492010623,-1.4856890931647206,0.18352934708214752,1.1249332392431688,0.0011836068434004064
4.19,2.5902710593293636,2.087948139879406,-1.4857083428865203,0.17695816801551673,1.117707918952999,0.0012117642780883982
4.2,2.593433607765042,2.097357945392934,-1.4857278222617036,0.17047288394025725,1.110369828048229,0.0012414147308909239
4.21,2.596540408481702,2.1067158495178253,-1.4857475475329154,0.1640747126018923,1.1029196457613162,0.0012726166000698274
4.22,2.5995919322155983,2.116021251692064,-1.4857675355284115,0.15776479528887188,1.0953581696858603,0.0013054289788566823
4.23,2.602588649144308,2.1252735663116877,-1.485787803669023,0.15154419743838077,1.0876863106061914,0.0013399111697853714
4.24,2.6055310292104386,2.134472222074961,-1.485808369970246,0.1454139096064096,1.079905087151161,0.0013761222120428332
4.25,2.6084195424343886,2.143616661376096,-1.485829253039591,0.13937484875060788,1.0720156203393814,0.0014141204258720655
4.26,2.6112546592131483,2.1527063397494537,-1.4858504720693657,0.13342785977754337,1.0640191280764038,0.00145396297706686
4.2700000000000005,2.614036850602607,2.1617407253645493,-1.485872046825089,0.12757371730937234,1.0559169196573353,0.0014957054638443314
4.28,2.616766588581299,2.1707192985716617,-1.4858939976297616,0.12181312762849722,1.047710390321821,0.0015394015278674296
4.29,2.6194443462939154,2.17964155149737,-1.485916345344235,0.11614673076206752,1.0394010159020541,0.0015851024909246426
4.3,2.6220705982733072,2.1885069876889345,-1.485939111343934,0.11057510267163803,1.0309903475986602,0.00163285701765822
4.3100000000000005,2.624645820640035,2.1973151218060925,-1.485962317492196,0.10509875751654701,1.0224800069137936,0.001682710805146337
4.32,2.627170491278856,2.206065479358546,-1.485985986110492,0.09971814996279127,1.0138716807657653,0.0017347062990792327
4.33,2.6296450899918034,2.2147575964871735,-1.4860101399457986,0.09443367751209333,1.005167116804897,0.0017888824363081388
4.34,2.63207009862777,2.2233910197868023,-1.486034802135383,0.08924568282875145,0.9963681189460014,0.0018452744132006528
4.3500000000000005,2.634446001188745,2.2319653061682203,-1.4860599961692613,0.08415445604467856,0.9874765431290301,0.0019039134790364896
4.36,2.6367732839130222,2.240480022757003,-1.486085745850576,0.07916023702557481,0.9784942933158949,0.0019648267533336067
4.37,2.639052435335904,2.248934746826632,-1.4861120752541395,0.07426321758361445,0.9694233177283551,0.002028037066183019
4.38,2.6412839463285347,2.2573290657633467,-1.4861390086833661,0.06946354362427692,0.9602656053289802,0.0020935628201722402
4.39,2.6434683101156526,2.2656625770601515,-1.486166570625815,0.06476131721704634,0.95102318254478,0.0021614178726979175
4.4,2.645606022273126,2.273934888337393,-1.4861947857075437,0.06015659858169323,0.9416981102308405,0.0022316114372698385
4.41,2.6476975807062435,2.28214561738736,-1.4862236786464673,0.055649407983592636,0.9322924808694404,0.00230414800253001
4.42,2.6497434856097777,2.2902943922404,-1.486253274204893,0.0512397275331446,0.922808415998476,0.0023790272674444994
4.43,2.651744239410905,2.298380851250102,-1.4862835971414015,0.04692750288589845,0.9132480638616451,0.002456244091625024
4.44,2.6537003466960813,2.3064046431951875,-1.4863146721622202,0.04271264484120264,0.903613597271678,0.002535788459185413
4.45,2.6556123141230112,2.3143654273958165,-1.4863465238722258,0.03859503083853068,0.8939072116770244,0.0026176454549750195
4.46,2.657480650318853,2.322262873842129,-1.486379176725701,0.034574506351554485,0.8841311234215271,0.0027017952523678596
4.47,2.659305865765783,2.330096663332941,-1.4864126549769638,0.03065088618105681,0.8742875681862408,0.0027882131110131257
4.48,2.6610884726750728,2.3378664876226156,-1.4864469826309596,0.026823955648498224,0.8643787996020114,0.0028768693839329603
4.49,2.662828984850763,2.3455720495742587,-1.486482183393926,0.023093471692799197,0.8544070880212074,0.00296772953279087
4.5,2.6645279175440333,2.353213063317493,-1.4865182806241954,0.019459163873460653,0.8443747194369158,0.003060754150850318
4.51,2.6661857872993124,2.3607892544091813,-1.4865552972832274,0.01592073528362993,0.8342839945378491,0.003155898992539722
4.5200000000000005,2.6678031117931633,2.368300359995596,-1.4865932558869264,0.012477863377139548,0.8241372278873029,0.0032531150093069823
4.53,2.6693804096668865,2.3757461289746407,-1.486632178457316,0.009130200713824269,0.8139367472147212,0.003352348391035913
4.54,2.670918200353809,2.3831263221568446,-1.4866720864746208,0.005877375627679093,0.8036848928086227,0.0034535406126532907
4.55,2.6724170039021273,2.39044071242397,-1.4867130008298108,0.002718992822559968,0.7933840169999904,0.0035566284856728084
4.5600000000000005,2.673877340794153,2.3976890848841736,-1.486754941777659,-0.00034536609974789023,0.7830364837255799,0.003661544214180653
4.57,2.675299731762743,2.4048712370227716,-1.486797928890354,-0.003316142174224296,0.7726446681610176,0.0037682154552636246
4.58,2.6766846976056766,2.41198697884776,-1.486841981011715,-0.006193798665212774,0.7622109564139825,0.0038765653836635577
4.59,2.678032758998653,2.4190361330293415,-1.4868871162120543,-0.008978820712113575,0.751737745268267,0.003986512760580917
4.6000000000000005,2.6793444363075722,2.426018535032797,-1.4869333517437224,-0.011671715023465638,0.7412274419699786,0.004097972006631329
4.61,2.680620249400693,2.4329340332441256,-1.4869807039973861,-0.014273009614801449,0.7306824640476467,0.0042108532791164804
4.62,2.681860717461225,2.439782489087971,-1.487029188459077,-0.01678325358586249,0.720105239158517,0.004325062553397504
4.63,2.683066358800853,2.44656377713742,-1.487078819668056,-0.019203016932899372,0.7094982049538205,0.00444050170887801
4.64,2.6842376906746797,2.453277785215327,-1.4871296111755392,-0.021532890391995192,0.6988638089563187,0.00455706861937655
4.65,2.6853752290979958,2.459924414486898,-1.4871815755043283,-0.023773485309572205,0.6882045084439015,0.004674657248448464
4.66,2.6864794886652734,2.466503579543324,-1.4872347241093982,-0.0259254335364617,0.6775227703335605,0.004793157749437499
4.67,2.6875509823717345,2.4730152084763004,-1.487289067339489,-0.027989387342155246,0.6668210710604825,0.004912456570852383
4.68,2.6885902214378072,2.4794592429433466,-1.4873446143997535,-0.02996601934611945,0.6561018964475169,0.005032436567070128
4.69,2.689597715136762,2.485835638223855,-1.4874013733155198,-0.03185602246326314,0.6453677415607173,0.005152977114593026
4.7,2.6905739706257785,2.492144363265873,-1.4874593508972194,-0.033660109860966264,0.6346211105470858,0.005273954234209572
4.71,2.6915194927806856,2.4983854007236403,-1.487518552706543,-0.03537901492524012,0.6238645164510634,0.005395240719059955
4.72,2.692434784034566,2.504558746985942,-1.487578983023886,-0.037013491233898105,0.6131004810067627,0.005516706269071025
4.73,2.6933203442204277,2.5106644121953754,-1.4876406448171418,-0.03856431253486238,0.6023315344032428,0.005638217631693193
4.74,2.694176670418091,2.51670242025865,-1.4877035397119134,-0.04003227272792552,0.5915602150206121,0.005759638749181289
4.75,2.695004256805463,2.5226728088480614,-1.4877676679632057,-0.04141818584856814,0.5807890691349875,0.0058808309127217065
4.76,2.6958035945143193,2.528575629394303,-1.4878330284286667,-0.04272288605259497,0.5700206505907781,0.006001652923156518
4.7700000000000005,2.6965751714907142,2.53441094707079,-1.4878996185434468,-0.043947227600633104,0.5592575204390389,0.006121961258784337
4.78,2.6973194723601566,2.5401788407696966,-1.4879674342967464,-0.045092084841644633,0.5485022465409685,0.006241610250001603
4.79,2.6980369782976275,2.5458794030698906,-1.4880364702101199,-0.04615835219489176,0.5377574031359558,0.006360452260931054
4.8,2.69872816690256,2.551512740196987,-1.4881067193176063,-0.04714694412988168,0.5270255703738538,0.006478337877909979
4.8100000000000005,2.6993935120788675,2.557078971975721,-1.4881781731477601,-0.0480587951440218,0.5163093338114724,0.006595116104887199
4.82,2.7000334839201203,2.5625782317748516,-1.4882508217076431,-0.04889485973785731,0.5056112838735533,0.0067106345655893185
4.83,2.7006485485999456,2.568010666444808,-1.4883246534688548,-0.04965611238786709,0.4949340152788001,0.006824739712183543
4.84,2.7012391682677683,2.5733764362482727,-1.4883996553556602,-0.05034354751694284,0.4842801264317737,0.006937277040463854
4.8500000000000005,2.701805800949956,2.578675714783905,-1.4884758127352833,-0.05095817946273717,0.47365221878179403,0.007048091311143463
4.86,2.70234890045648,2.583908688903378,-1.4885531094104278,-0.05150104244415672,0.46305289615023726,0.0071570267770359585
4.87,2.7028689162931885,2.589075558621907,-1.4886315276140838,-0.051973190526347135,0.452484764027896,0.00726392741584268
4.88,2.7033662935797844,2.594176537022415,-1.4887110480066748,-0.052375697584526856,0.44195042884438657,0.007368637168059554
4.89,2.7038414729736084,2.599211850153473,-1.4887916496756017,-0.052709657267087456,0.4314524972118365,0.00747100017976627
4.9,2.7042948905993582,2.6041817369211238,-1.4888733101372273,-0.05297618295831995,0.4209935751454162,0.0075708610496683015
4.91,2.7047269779848175,2.609086448974676,-1.4889560053413462,-0.05317640774116724,0.41057626726353486,0.007668065080029964
4.92,2.705138162002751,2.613926250586529,-1.4890397096781804,-0.05331148436030822,0.4002031759708687,0.007762458530781322
4.93,2.7055288648190494,2.618701418526045,-1.4891243959879308,-0.053382585185823644,0.38987690062766284,0.007853888876525552
4.94,2.7058995038472653,2.6234122419274746,-1.4892100355729139,-0.053390902177630255,0.3796000367090714,0.007942205065485071
4.95,2.7062504917096555,2.6280590221518803,-1.4892965982123036,-0.05333764051049958,0.3693751737604341,0.00802725740797738
4.96,2.706582236141454,2.632642072654955,-1.4893840521757722,-0.053224012323624836,0.35920489337452455,0.008108897487953785
4.97,2.706895139839729,2.637161718860383,-1.4894723642362642,-0.05305124327517091,0.34909176959155824,0.008186978830007992
4.98,2.707189600384995,2.64161829801435,-1.4895614996894524,-0.05282057897032815,0.3390383692819009,0.008261357540308788
4.99,2.707466010234428,2.646012159021256,-1.4896514223796202,-0.05253328491974717,0.329047251319294,0.00833189255968657
5.0,2.7077247567221048,2.6503436622725665,-1.4897420947280888,-0.052190646497408504,0.31912096577480137,0.008398445914589764
5.01,2.7079662220663625,2.654613179468457,-1.4898334777641682,-0.05179396891011638,0.3092620531387488,0.008460882966108089
5.0200000000000005,2.7081907833845307,2.6588210934318295,-1.4899255311586117,-0.05134457718065159,0.29947304357701177,0.008519072656502686
5.03,2.70839881271527,2.6629677979142152,-1.490018213259551,-0.05084381613895164,0.28975645622806806,0.008572887752304286
5.04,2.708590677048717,2.6670536973930106,-1.4901114811308722,-0.05029305042517887,0.2801147985487314,0.008622205083408054
5.05,2.7087667383646683,2.6710792068594227,-1.4902052905929986,-0.04969366450597605,0.27055056571630165,0.008666905777820439
5.0600000000000005,2.708927353679056,2.6750447515964186,-1.4902995962660286,-0.049047062700174254,0.26106624009423,0.008706875491124286
5.07,2.70907287509891,2.6789507669458996,-1.490394351615181,-0.048354669129881137,0.2516642907557155,0.00874200462562191
5.08,2.709203649885194,2.6827976980643853,-1.4904895089984405,-0.047617927681073785,0.2423471730871991,0.008772188543662228
5.09,2.7093200205237036,2.6865859996662667,-1.4905850197163377,-0.04683830213534573,0.23311732850678013,0.008797327785167645
5.1000000000000005,2.709422324805861,2.690316135753343,-1.4906808340638968,-0.04601727629763206,0.22397718427960833,0.008817328282680746
5.11,2.709510895919484,2.693988579329547,-1.4907769013846535,-0.04515635403622649,0.21492915343012858,0.008832101584388774
5.12,2.709586062548708,2.6976038120997994,-1.4908731701266313,-0.04425705930814404,0.2059756347515725,0.008841565012468505
5.13,2.7096481489831374,2.70116232415174,-1.4909695879002438,-0.04332093617188697,0.1971190129256375,0.008845641795492019
5.14,2.7096974752362124,2.704664613619065,-1.491066101538007,-0.04234954879387218,0.1883616587811614,0.008844261269241012
5.15,2.7097343571727572,2.7081111863251164,-1.4911626571559677,-0.0413444814291813,0.1797059296787646,0.008837359052130875
5.16,2.709759106645592,2.711502555405285,-1.4912592002167753,-0.040307338370323735,0.1711541700296737,0.008824877204358528
5.17,2.7097720316409992,2.714839240906737,-1.4913556755943238,-0.03923974385683593,0.16270871195526676,0.00880676437822149
5.18,2.7097734364327914,2.718121769363907,-1.4914520276398902,-0.03814334193694656,0.1543718760914458,0.008782975960690232
5.19,2.709763621744587,2.7213506733481876,-1.4915482002496911,-0.037019796271685994,0.14614597254075837,0.00875347420893204
5.2,2.709742884919857,2.724526490990187,-1.49164413693379,-0.03587078987083796,0.13803330197363942,0.00871822837940993
5.21,2.7097115200991664,2.727649765472945,-1.4917397808862844,-0.034698024749291734,0.13003615687871134,0.008677214851036456
5.22,2.709669818403919,2.7307210444944694,-1.4918350750567173,-0.033503221491515384,0.12215682296034042,0.008630417242884382
5.23,2.7096180681258173,2.7337408796979985,-1.4919299622226518,-0.03228811871484599,0.11439758068093472,0.008577826527591315
5.24,2.7095565549211234,2.7367098260684024,-1.4920243850633668,-0.031054472416469525,0.10676070694128442,0.008519441140902266
5.25,2.7094855620086853,2.7396284412932137,-1.4921182862346305,-0.029804055181499263,0.09924847688793473,0.00845526708781684
5.26,2.7094053703704413,2.742497285086886,-1.4922116084445167,-0.028538655238856993,0.09186316583808488,0.008385318046291843
5.2700000000000005,2.709316258952999,2.7453169184769703,-1.4923042945302378,-0.027260075352929274,0.08460705130935264,0.00830961546919362
5.28,2.7092185048687702,2.7480879030510397,-1.4923962875359704,-0.025970131533346676,0.07748241513643112,0.008228188685308222
5.29,2.7091123835949316,2.750810800163347,-1.4924875307916674,-0.024670651545795473,0.07049154565398105,0.008141075000039471
5.3,2.708998169168365,2.7534861701004454,-1.4925779679928448,-0.023363473206390605,0.06363673992130697,0.008048319796360151
5.3100000000000005,2.708876134374502,2.7561145712052033,-1.4926675432813477,-0.02205044244200899,0.05692030596041622,0.007949976636353159
5.32,2.7087465509278617,2.758696558958967,-1.4927562013270936,-0.020733411098908028,0.050344564974661055,0.007846107363624583
5.33,2.708609689641871,2.7612326850219326,-1.4928438874108039,-0.01941423448223355,0.0439118535107324,0.007736782206477565
5.34,2.7084658205853893,2.76372349623216,-1.4929305475077221,-0.018094768609334375,0.03762452552186482,0.0076220798818690625
5.3500000000000005,2.708315213223192,2.7661695335641054,-1.49301612837233,-0.01677686716052174,0.03148495428508227,0.007502087699288205
5.36,2.7081581365375014,2.7685713310479847,-1.49310057762405,-0.015462378111944813,0.0254955341201962,0.00737690166388797
5.37,2.7079948591274974,2.7709294146518437,-1.4931838438339304,-0.014153140036364502,0.019658681852580212,0.007246626577514167
5.38,2.7078256492835995,2.7732443011287597,-1.4932658766122826,-0.012850978059383332,0.013976837956319751,0.007111376135957773
5.39,2.7076507750331937,2.7755164968322514,-1.4933466266972335,-0.01155769946063442,0.008452467308499328,0.006971273020315848
5.4,2.7074705041543576,2.777746496503657,-1.493426046044126,-0.010275088911894046,0.0030880594795943683,0.006826448979669743
5.41,2.707285104154081,2.779934782036,-1.4935040879156825,-0.009004903347051882,-0.0021138715208439823,0.006677044902082658
5.42,2.7070948422073964,2.7820818212196614,-1.4935807069728055,-0.007748866462016776,-0.007150788130233704,0.006523210870089777
5.43,2.7068999850538504,2.784188066476056,-1.4936558593658582,-0.006508662846963789,-0.012020130842958915,0.006365106196442306
5.44,2.70670079884774,2.7862539535864213,-1.493729502826223,-0.005285931757466727,-0.01671932064319054,0.00620289943542866
5.45,2.7064975489586267,2.7882799004238414,-1.4938015967578733,-0.00408226053032072,-0.021245762374532476,0.006036768367735969
5.46,2.706290499718766,2.790266305697677,-1.4938721023286148,-0.0028991776522594107,-0.025596849167524624,0.005866899956582238
5.47,2.7060799141142486,2.7922135477205323,-1.49394098256076,-0.0017381456043115678,-0.02976996789732253,0.005693490221507722
5.48,2.705866053416879,2.79412198320909,-1.4940082024208172,-0.0006005533514386822,-0.033762506010682106,0.005516744102096188
5.49,2.705649176754151,2.7959919461314118,-1.4940737289075696,0.0005122913968089171,-0.037571859724909173,0.005336875260800215
5.5,2.7054295406150626,2.797823746614382,-1.4941375311380103,0.001599170105413961,-0.04119544372065463,0.005154105818111439
5.51,2.705207398289985,2.7996176699262416,-1.4941995804305188,0.0026589614638869562,-0.04463070246472606,0.00496866601729289
5.5200000000000005,2.7049829992433914,2.8013739755503875,-1.4942598503845725,0.0036906494999571094,-0.047875123288452254,0.004780793811780796
5.53,2.7047565884189093,2.803092896367875,-1.4943183169562184,0.004693331678190599,-0.05092625134568176,0.0045907343689891005
5.54,2.7045284054769816,2.8047746379672986,-1.4943749585284631,0.005666226892729319,-0.05378170657204327,0.0043987394844885435
5.55,2.7042986839662837,2.8064193781019466,-1.4944297559756854,0.006608683250616669,-0.05643920276329679,0.00420506690199246
5.5600000000000005,2.7040676504311225,2.808027266315289,-1.4944826927211214,0.007520185528574726,-0.05889656888478869,0.00400997953557199
5.57,2.7038355234581877,2.809598423757002,-1.4945337547864441,0.008400362171784241,-0.06115177271629503,0.0038137445924597956
5.58,2.703602512667354,2.8111329432127548,-1.4945829308324385,0.009248991688117932,-0.06320294692649883,0.003616632596804696
5.59,2.7033688176526858,2.812630889371926,-1.4946302121897812,0.010066008275543709,-0.06504841765888139,0.003418916317699684
5.6000000000000005,2.7031346268814316,2.8140922993582653,-1.4946755928789608,0.010851506504034113,-0.06668673569562196,0.0032208696074200937
5.61,2.702900116560577,2.8155171835491366,-1.4947190696184416,0.011605744856423898,-0.06811671024800159,0.0030227661599974737
5.62,2.702665449482472,2.816905526709501,-1.494760641820272,0.01232914791534325,-0.06933744540056017,0.0028248782039141758
5.63,2.702430773863193,2.8182572894670503,-1.4948003115724735,0.013022306965730326,-0.07034837921159144,0.0026274751478733765
5.64,2.7021962221895977,2.8195724101549393,-1.4948380836077444,0.01368597876466956,-0.07114932544429989,0.0024308222034999114
5.65,2.7019619100934955,2.820850807048301,-1.4948739652582423,0.014321082212518939,-0.07174051787079867,0.002235179014743038
5.66,2.7017279352740586,2.8220923810201515,-1.494907966396514,0.014928692641832199,-0.07212265705495981,0.0020407983300449314
5.67,2.701494376492384,2.8232970186413553,-1.4949400993629998,0.015510033423343412,-0.07229695947953295,0.0018479247596938002
5.68,2.7012612926651625,2.8244645957479797,-1.4949703788809632,0.016066464572148848,-0.07226520883824185,0.0016567936681108123
5.69,2.7010287220875546,2.8255949814975607,-1.494998821960198,0.016599468021468645,-0.07202980926352362,0.0014676302576329494
5.7,2.700796681818717,2.8266880429335264,-1.495025447791427,0.01711062921754557,-0.07159384020654791,0.0012806489077634643
5.71,2.7005651672668685,2.8277436500741793,-1.4950502776339538,0.017601614676682933,-0.07096111262655881,0.0010960528408568006
5.72,2.7003341520143946,2.8287616815392163,-1.4950733346998257,0.01807414513505161,-0.07013622608230571,0.0009140341919384878
5.73,2.700103587927157,2.829742030722693,-1.4950946440385633,0.018529963913733037,-0.06912462624980947,0.000734774566554049
5.74,2.699873405595989,2.8306846125166016,-1.4951142324273046,0.018970800135243313,-0.06793266234903658,0.0005584461734206413
5.75,2.69964351516219,2.8315893705838846,-1.495132128272001,0.01939832646508256,-0.06656764392761162,0.00038521361445513654
5.76,2.6994138075826095,2.8324562851728947,-1.4951483615267576,0.019814110590895134,-0.06503789570616944,0.0002152364863009787
5.7700000000000005,2.6991841563937307,2.8332853814584515,-1.495162963638963,0.020219560702166607,-0.0633528106136859,4.8672805584564806e-05
5.78,2.698954420038303,2.834076738386874,-1.495175967528505,0.02061586420839526,-0.061522899491881174,-0.00011431659698674535
5.79,2.6987244448211882,2.8348304979928605,-1.4951874076106824,0.021003919483704277,-0.059559836535544974,-0.00027356254798716864
5.8,2.698494068563755,2.8355468751462687,-1.4951973198733923,0.02138426038887477,-0.057476499653461945,-0.00042888112676218787
5.8100000000000005,2.6982631250302602,2.8362261676760934,-1.4952057420200031,0.02175697306614266,-0.055287004273998894,-0.0005800659082789575
5.82,2.698031449202914,2.8368687668070494,-1.4952127136897129,0.02212160484426251,-0.05300672934606615,-0.0007268789047239338
5.83,2.69779888348439,2.8374751678310304,-1.4952182767679179,0.022477065107024873,-0.05065233419167235,-0.0008690402730705499
5.84,2.6975652849084315,2.8380459809215317,-1.495222475799495,0.022821517966997606,-0.048241764654135495,-0.0010062167337150855
5.8500000000000005,2.697330533440593,2.8385819419839167,-1.4952253585179243,0.023152266676950948,-0.045794246914135965,-0.0011380087232567007
5.86,2.697094541451801,2.8390839234181593,-1.4952269765029444,0.023465629793208844,-0.04333026724206973,-0.0012639363420372625
5.87,2.6968572644472726,2.8395529446533825,-1.495227385978825,0.0237568091990515,-0.040871535854899665,-0.0013834241995102526
5.88,2.6966187131322426,2.8399901822952174,-1.4952266487643202,0.02401975020344645,-0.03844093295096755,-0.0014957853081472774
5.89,2.696378966893775,2.8403969797077653,-1.4952248333838627,0.024246994051788553,-0.03606243490917249,-0.0016002042306493013
5.9,2.696138188774559,2.840774855831827,-1.4952220163475145,0.024429523321602722,-0.03376101856158709,-0.0016957197432432094
5.91,2.6958966420098402,2.8411255130201853,-1.4952182836045758,0.024556600827946556,-0.03156254138334194,-0.0017812073417422013
5.92,2.695654708192365,2.8414508436492087,-1.4952137321724863,0.0246156028317416,-0.02949359539315061,-0.0018553619835368572
5.93,2.695412907122255,2.841752935244,-1.495208471938739,0.024591847308450897,-0.02758133251977859,-0.0019166815114977239
5.94,2.695171918391132,2.842034073831941,-1.4952026276290675,0.024468418681398825,-0.02585325918769789,-0.0019634513121040875
5.95,2.69493260473572,2.842296745217054,-1.4951963409296631,0.02422599086888497,-0.024336997892276654,-0.0019937308499594414
5.96,2.6946960371776205,2.842543633845384,-1.4951897727447678,0.023842649849545376,-0.02306001355338732,-0.0020053427224177305
5.97,2.6944635219538497,2.8427776189095866,-1.49518310556456,0.023293717431329863,-0.022049302511033826,-0.001995864961967079
5.98,2.6942366292258186,2.84300176731962,-1.4951765459109982,0.022551578633312606,-0.021331042141902703,-0.0019626274125771202
5.99,2.694017223530244,2.8432193231463763,-1.495170326821038,0.021585515169421306,-0.02093019921527482,-0.0019027130455709438
6.0,2.6938074959105234,2.8434336931263875,-1.4951647103179986,0.0003050850836490485,0.0002905137800346564,-0.000666329687733332
